name,score
WENDY🎅,53
WADE,65
THOR,60
ROHA,60
JEFF,73
SANG❄️HWA,103
PATRICK,65
ROHA,65
MILES,60
BRICE,60
PHILIP,28
ALLAN,60
ELRIC,95
DANIEL,90
LUKE,100
ROY,43
MILES,60
PATRICK,90
LUCA,40
ZEN🎄,60
JEFF,22
PATRICK,31
SASHA,26
LUCAS,53
GOLD,9
ED,65
DEAN,38
AEGON,100
JERRY,27
DERRI,65
IVAN,53
ELRIC,23
NIKE,60
DEAN,140
DEAN,60
GOLD,44
ZEN🎄,60
JUSTIN,65
PATRICK,105
ELLE,60
ALLAN,100
ZEN🎄,60
ISLA,120
BEN,46
DEAN,58
JUSTIN,79
MILES,60
ELLIE,6
ZEN🎄,60
ZEN🎄,105
DANE,71
PATRICK,41
ELLA❄️,125
OCEAN,45
LUMI,7
WADE,70
DEAN,90
WADE,60
ALLAN,95
LUKE,37
ZEN🎄,60
JARROD,60
BRICE,43
DANIEL,46
ROHA,59
BK,75
GLORIA,40
ZEN🎄,65
RO,120
ELLE,48
JEFF,38
JEFF,68
ELLA❄️,48
WADE,65
WADE,60
ZEN🎄,140
LUCA,26
AEGON,48
THOR,60
PHILIP,95
ED,60
DANIEL,81
WADE,56
ELRIC,43
BEN,35
ROHA,60
JUSTIN,60
IVAN,75
ELRIC,70
AEGON,49
THEO,65
☃️,45
ALLAN,30
ROHA,60
ZUNE,57
ROMY,48
LUMI,16
DEAN,60
MEIIA,95
SILO,60
CROW,70
MILES,60
ROHA,15
PATRICK,70
ROHA,60
ED,100
DANIEL,31
ROHA,45
ELLE,60
ED,60
ROHA,26
ELLIE,31
DEAN,23
LUMI,95
ROHA,65
ELLE,65
RINA,45
ZUNE,2
IVAN,71
LIAM,60
B⭐,60
PATRICK,59
MEIIA,54
RINA,37
DERRICK,20
DEAN,70
JUSTIN,73
DG,48
LIAM,88
DEAN,31
JASMINE,24
JEFF,29
GLORIA,6
ELLE,90
ROMY,73
ALLAN,60
DEAN,65
ZEN🎄,60
LUKE,41
JUSTIN,45
ZEN🎄,70
CROW,100
MILES,53
JUSTIN,89
MARVIN,127
JOY,60
JUSTIN,65
ELLE,103
DANIEL,80
CROW,92
WENDY🎅,59
ROHA,60
GREEN,49
HAZEL,60
ROHA,65
BK,94
GOLD,65
ZEN🎄,60
AEGON,95
JEFF,50
DEAN,73
ZUNE,60
PHILIP,100
JUDY,70
DEAN,60
ZEN🎄,60
ELLE,53
BRICE,65
ELLE,65
OLIVIA,23
ISLA,60
CROW,31
JARROD,56
ELLE,105
ZEN🎄,60
MARVIN,6
THOR,100
MEIIA,103
ELLE,100
PHILIP,100
DEAN,43
ALLAN,120
DANIEL,60
DANIEL,60
ALLAN,60
ROHA,73
ROHA,71
LUKE,81
WOODY,72
DEAN,80
ED,60
DEAN,60
RO,7
BRICE,60
IVAN,100
ZEN🎄,60
LUKE,45
RINA,56
THOR,60
ELRIC,78
CROW,22
BK,60
ZEN🎄,45
DEAN,48
JEFF,70
JUSTIN,90
MILES,95
JARROD,53
DEAN,59
ROHA,60
MILES,65
MEIIA,95
JEFF,51
GLORIA,60
JUSTIN,43
MILES,60
LUMI,43
DANIEL,48
MARVIN,140
JUSTIN,60
ZUNE,65
ELLE,78
LUCA,67
ALLAN,65
THOMAS,34
MILES,78
GREEN,69
ZEN🎄,60
ZEN🎄,60
SILO,59
THOR,60
CROW,21
WOODY,9
THOR,60
ALLAN,60
MILES,125
BRANDON,59
ZEN🎄,60
TIANA,24
GOLD,58
JUSTIN,26
ELRIC,20
MARVIN,150
DEAN,60
ED,60
MILES,60
ZEN🎄,81
ED,85
JEFF,50
JEFF,57
THEO,62
GREEN,70
ROHA,60
LUCA,20
PATRICK,52
JEFF,40
IVAN,75
BK,64
CROW,21
🎅,46
ELLE,60
GOLD,26
ELLE,60
JARROD,60
DEAN,60
ELLE,65
DERRICK,45
PHILIP,60
ED,45
CINDY,65
ELLE,100
CROW,28
ED,60
JUSTIN,75
ZEN🎄,60
DEAN,70
JUSTIN,43
THOMAS,125
IVAN,70
AEGON,88
PATRICK,87
DEAN,60
JEFF,117
ZEN🎄,60
PATRICK,48
BRICE,60
ELLIE,41
DANE,60
RO,60
THOR,100
LUMI,45
ELLIE,53
JEFF,26
JEFF,86
ED,60
DEAN,9
ROHA,60
JUSTIN,95
MEIIA,95
SASHA,9
THEO,51
ROHA,29
JOY,70
BRICE,48
LUKE,105
BK,68
DEAN,103
AEGON,100
JUSTIN,105
LUCAS,65
JARROD,60
ZEN🎄,60
NIKE,100
MEIIA,76
BK,45
DANIEL,48
MEIIA,90
ALLAN,60
ZEN🎄,100
ELLE,41
MILES,69
DEAN,81
DERRI,65
WENDY🎅,78
PATRICK,32
DEAN,100
ROHA,60
WADE,41
GLORIA,54
CROW,54
GREEN,42
ZEN🎄,60
ROHA,60
BEN,43
ZEN🎄,60
ELLE,40
LUCA,50
ROMY,24
DANIEL,73
DEAN,65
CAISY,100
THEO,60
JUSTIN,60
LUKE,48
ROHA,140
PATRICK,53
OCEAN,60
ALLAN,41
PATRICK,60
DEAN,60
ZEN🎄,57
THOR,60
LIAM,15
ROHA,60
ED,60
LUMI,65
MILES,100
ELLA❄️,73
ALLAN,45
WENDY🎅,51
ZEN🎄,60
ZEN🎄,60
ED,60
LUKE,60
ZEN🎄,45
CROW,58
DEAN,49
LIAM,73
ELLE,43
JEFF,39
PATRICK,60
MENNY,23
JEFF,100
JUSTIN,48
WADE,41
JARROD,60
CINDY,56
WOODY,60
WADE,89
PATRICK,49
WOODY,48
ELLE,70
LUKE,60
IVAN,64
DANE,60
JUSTIN,41
ROHA,60
WADE,60
DERRICK,43
ROHA,60
MARVIN,60
MILES,65
DERRI,65
DEAN,70
ALLAN,60
JEFF,46
ELRIC,117
ISLA,90
JEFF,67
ELLIE,100
PATRICK,70
LUCA,64
ED,59
IVAN,53
CROW,80
ZUNE,51
CROW,24
ELLIE,55
DANIEL,41
MILES,43
DANE,65
VAN,9
JERRY,60
ALLAN,60
ROHA,50
ROHA,60
YENNY,40
RINA,71
LUCA,65
OCEAN,60
JUSTIN,60
THOR,65
JUSTIN,60
JEFF,42
RO,95
JUSTIN,60
IVAN,117
WOODY,45
DANIEL,73
THOR,65
BK,60
DG,90
ROHA,22
ROHA,29
JUSTIN,41
TIANA,32
MILES,60
PATRICK,46
ROHA,60
MILES,81
LIAM,70
PHILIP,60
ZUNE,60
DEAN,60
THOR,26
BK,84
GLORIA,60
PATRICK,60
DEAN,47
RINA,62
BRANDON,60
AEGON,60
MILES,54
LUKE,27
ROY,41
ROHA,65
LUMI,65
ALLAN,25
JOY,64
NIKE,60
MEIIA,69
GOLD,60
LUMI,64
CROW,55
JEFF,40
THEO,60
ED,60
DEAN,53
ZUNE,30
LUCAS,45
OCEAN,24
MILES,41
WENDY🎅,52
LIAM,15
IVAN,75
ELLA❄️,38
MEIIA,60
LIAM,43
ED,30
WADE,45
CROW,73
DEAN,75
ELLE,50
DEAN,60
ROMY,47
BRICE,41
DANIEL,51
ROHA,41
THOR,60
JEFF,48
WADE,53
IVAN,42
JOY,55
ALLAN,60
THOR,60
MEIIA,48
ZUNE,60
MARVIN,150
ELLE,59
ALLAN,65
CINDY,113
DG,60
ALLAN,45
JUSTIN,130
TIANA,29
CINDY,65
LUCA,110
MEIIA,53
BEN,73
ZEN🎄,100
THEO,62
LUKE,60
CAISY,60
GOLD,26
ROHA,60
CROW,75
LUCA,75
ROHA,60
BK,69
OCEAN,65
SANG❄️HWA,48
ZEN🎄,41
ELLE,26
BK,69
CROW,89
ALLAN,48
LUKE,65
ROHA,41
OCEAN,90
DEAN,80
ROHA,60
DEAN,60
MILES,60
MILES,60
MILES,73
GREEN,24
ZEN🎄,100
DEAN,4
DANIEL,73
GREEN,29
JUSTIN,43
DEAN,100
ROHA,60
ALLAN,41
JARROD,60
ELLE,100
ZUNE,60
DANIEL,75
VAN,60
PHILIP,60
WENDY🎅,89
MILES,60
WADE,40
CROW,82
THOMAS,23
LUCA,45
JEFF,68
ALLAN,140
ZUNE,60
ISLA,65
RO,60
OCEAN,65
ELLE,60
MILES,60
RO,58
THOMAS,95
☃️,65
GOLD,60
SCOTT,65
ELLE,60
WADE,57
LUKE,66
PATRICK,95
WADE,37
NIKE,60
DERRI,53
PATRICK,43
ISLA,100
IVAN,46
DANIEL,26
JARROD,60
PHILIP,60
THOMAS,9
WADE,26
MILES,60
ZEN🎄,60
LUCA,119
LUCA,110
ELLE,54
PHILIP,45
PATRICK,43
JUSTIN,59
JEFF,37
ALLAN,26
PATRICK,65
ERIC,59
ED,60
RINA,87
RIVER,6
IVAN,90
JEFF,92
DG,43
ALLAN,90
CROW,40
ALLAN,70
ZEN🎄,48
IVAN,22
LUCAS,48
LIAM,60
LUCA,70
JUSTIN,45
DANIEL,60
OCEAN,60
DEAN,60
DEAN,60
ROHA,60
ISLA,60
ELLE,48
ZEN🎄,60
THOR,60
DANIEL,60
JED,57
RINA,43
ZEN🎄,60
ROHA,45
PATRICK,41
ROHA,105
HACKER,0
ROY,31
ELLE,60
HAZEL,25
GOLD,45
ROMY,5
JUSTIN,85
DANIEL,41
ERIC,53
ROHA,46
DEAN,45
ROHA,50
JUSTIN,90
MEIIA,43
JARROD,45
LUCAS,40
ZEN🎄,65
MEIIA,43
JEFF,48
RO,65
CHLOE,60
DEAN,100
LUCA,43
BEN,43
RINA,70
PATRICK,35
GOLD,53
LUKE,60
ELLE,3
ELLE,27
ROHA,45
GREEN,23
ELLE,45
MILES,78
DAVID,41
ROHA,29
ZEN🎄,45
PATRICK,81
THOR,100
ALLAN,41
BK,53
ALLAN,60
BK,24
BK,78
DANIEL,100
ZEN🎄,100
ZEN🎄,60
ROHA,97
CINDY,62
DEAN,100
IVAN,42
DANIEL,41
ZEN🎄,60
ROMY,48
LUCAS,60
OCEAN,27
ZEN🎄,57
CINDY,26
B⭐,86
JUSTIN,60
ELLE,60
LUKE,60
ZEN🎄,60
JARROD,60
THOR,43
CROW,78
IVAN,41
ERIC,67
OCEAN,85
RO,59
GOLD,60
ZEN🎄,22
DANIEL,22
WENDY🎅,42
DANIEL,60
ZEN🎄,65
DANIEL,46
ALLAN,65
ELLE,26
OCEAN,60
LUKE,32
GREEN,44
OCEAN,60
ROHA,46
WADE,60
ROMY,74
ALLAN,60
JEFF,35
THOR,60
PATRICK,41
IVAN,71
JARROD,60
ROHA,59
DANIEL,43
ROHA,48
WYNN,65
JUSTIN,90
ISLA,31
DEAN,29
JERRY,78
OCEAN,60
MILES,120
PATRICK,50
PATRICK,60
PATRICK,73
PATRICK,59
RIVER,31
JEFF,67
AEGON,81
IVAN,78
NIKE,140
JED,65
WENDY🎅,46
MILES,60
ZUNE,39
THEO,60
ALLAN,90
MILES,62
MILES,60
DANIEL,45
PATRICK,70
THOR,60
PHILIP,60
MILES,90
PATRICK,43
PATRICK,33
ALLAN,60
GREEN,85
BEN,53
BRANDON,90
MILES,65
DANIEL,60
THOR,60
ELLE,65
DEAN,81
JUSTIN,42
DEAN,90
DEAN,41
PATRICK,85
WADE,95
LUKE,100
ALLAN,41
DANIEL,41
BEN,40
ALLAN,100
ROHA,34
PHILIP,32
ROHA,60
ELLE,40
DEAN,60
DANIEL,9
PATRICK,60
ZEN🎄,100
ALLAN,43
ERIC,78
ZEN🎄,100
WADE,96
ZEN🎄,60
YENNY,68
ISLA,60
RINA,30
THEO,34
JARROD,65
ELLIE,70
PATRICK,70
ROMY,7
ROMY,56
DEAN,94
GREEN,46
JOY,26
LUCA,83
ROHA,60
MARVIN,60
GOLD,60
ELLIE,24
ZEN🎄,100
THOR,90
BRANDON,60
PATRICK,90
MILES,90
DEAN,29
ZEN🎄,60
PHILIP,45
BEN,46
GOLD,100
GREEN,38
ELLE,70
LUMI,91
ELLE,60
LUMI,34
JOY,60
LUMI,60
DANIEL,24
RIVER,119
ROHA,43
PHILIP,65
ALLAN,60
JUSTIN,65
MILES,100
ED,60
ELLE,60
DEAN,60
BK,22
GLORIA,60
JEFF,48
BK,68
ISLA,65
MILES,60
JUSTIN,33
ROY,45
ELLE,60
ZEN🎄,60
WOODY,60
SASHA,65
IVAN,125
ELLE,60
THOR,60
🔔LUIS,60
ROMY,54
DEAN,60
CHLOE,60
ROY,75
LUKE,24
MILES,52
ELLE,56
LUCA,31
WADE,75
ED,65
NIKE,60
TIANA,100
MEIIA,31
DANIEL,92
WADE,40
PHILIP,125
ED,100
LUKE,33
ROHA,60
WOODY,53
TIANA,76
ELLE,60
OCEAN,80
MEIIA,55
SANG❄️HWA,48
LUKE,65
BRICE,60
ALLAN,41
ALLAN,60
ALLAN,60
THOR,60
ED,43
OLIVIA,6
GLORIA,23
MILES,100
DERRI,9
TIANA,31
MEIIA,78
CROW,26
MEIIA,65
AEGON,60
ALLAN,46
DANIEL,41
ELLA❄️,60
ERIC,94
JOY,60
ALLAN,60
IVAN,42
DANIEL,105
LUCA,95
LUCA,64
OCEAN,60
CROW,73
JEFF,76
WADE,120
ROHA,100
JUSTIN,60
JARROD,49
MILES,100
LUCA,27
ELLE,60
DANIEL,50
ROHA,62
LUKE,57
ELLE,70
NIKE,65
ED,65
PATRICK,45
CROW,65
RO,47
ALLAN,60
ZEN🎄,100
ROHA,60
ALLAN,60
DANIEL,24
🔔LUIS,94
OCEAN,100
ROMY,40
BRICE,60
MILES,60
ZEN🎄,60
ED,60
JOHN,24
ZUNE,60
JEFF,100
TIANA,23
MILES,54
JUSTIN,57
ELLE,60
GOLD,29
ZUNE,100
ROHA,48
DEAN,60
JIA,53
MILES,48
NIKE,60
PATRICK,60
SCOTT,60
PATRICK,35
JEFF,33
ED,42
SANG❄️HWA,53
MILES,90
DEAN,46
MILES,48
GLORIA,60
ZEN🎄,100
RO,60
ROHA,60
CROW,45
DEAN,103
LUCA,73
THOMAS,58
MARVIN,60
GLORIA,56
ED,60
DANIEL,70
IVAN,70
JUSTIN,65
ZEN🎄,100
ZEN🎄,60
ROY,60
ISLA,120
WADE,9
DANIEL,65
ROHA,46
WADE,73
LUCAS,45
LUCAS,41
PHILIP,100
ALLAN,60
DG,6
ZUNE,24
JUSTIN,60
JUSTIN,60
DANIEL,60
ZEN🎄,60
LUCA,100
ROHA,45
PATRICK,100
JEFF,78
OLIVIA,45
DEAN,90
SANG❄️HWA,92
LUCA,125
VAN,45
THOR,60
MILES,60
RO,60
DANIEL,51
ED,70
ED,60
FRNK,95
RINA,41
JOY,73
JUSTIN,65
LUKE,41
DG,53
LUCA,65
ZEN🎄,60
ZEN🎄,100
DANE,60
ZEN🎄,100
MARVIN,60
DEAN,41
WADE,70
CHLOE,43
LUKE,60
ELLE,41
BK,80
SANG❄️HWA,89
BRICE,46
ELLIE,95
GLORIA,18
FRNK,64
ZEN🎄,45
IVAN,92
ROHA,60
ED,90
PATRICK,10
MEIIA,23
MARVIN,40
BEN,33
PHILIP,140
IVAN,125
ELLE,60
CROW,9
GLORIA,57
ALLAN,60
DANIEL,57
PATRICK,45
ZEN🎄,60
DEAN,9
DANE,60
THOR,41
PATRICK,100
THOR,135
LIAM,39
MILES,23
CROW,43
DEAN,65
MILES,100
JEFF,27
DEAN,60
IVAN,62
MARVIN,100
DEAN,60
ISLA,45
JUSTIN,43
DEAN,100
ZEN🎄,60
IVAN,43
ELLE,53
THOR,71
THEO,29
ELRIC,75
MEIIA,60
IVAN,77
DEAN,60
THOR,60
DANIEL,59
WOODY,60
JIA,43
ZEN🎄,60
THOR,100
BRICE,81
DEAN,40
ED,145
LUCA,74
JARROD,60
LUKE,86
LUMI,7
JEFF,70
JOY,150
MILES,60
CROW,72
ELLE,65
ERIC,9
PATRICK,65
GREEN,3
JOY,65
ROY,50
DEAN,78
LUKE,60
SCOTT,26
☃️,70
BK,70
OCEAN,45
THOR,60
MILES,113
MILES,180
MILES,65
ELLE,32
ALLAN,100
☃️,60
MILES,41
GOLD,57
DEAN,23
JARROD,43
ROHA,60
SANG❄️HWA,53
IVAN,75
ELLE,60
MEIIA,9
LUKE,60
CHLOE,28
LUMI,65
WENDY🎅,78
ROMY,95
JUSTIN,90
LUCA,60
LUCA,60
ROHA,55
BRANDON,100
JUSTIN,60
ZEN🎄,60
CROW,48
ZUNE,29
YENNY,42
JUSTIN,78
DANIEL,113
ROMY,48
JUSTIN,60
ALLAN,46
CINDY,28
WADE,51
MILES,60
LIAM,50
ZEN🎄,60
DANIEL,60
JEFF,43
BK,44
ED,52
THOR,60
RINA,100
JUSTIN,105
PATRICK,64
ZEN🎄,60
MILES,48
BEN,63
ED,60
ZUNE,21
BK,70
LUKE,60
ALLAN,60
ELLE,60
PATRICK,65
ALLAN,65
JUSTIN,80
CROW,47
ELRIC,62
ZEN🎄,60
GOLD,60
CROW,77
BK,95
ALLAN,65
WADE,15
PHILIP,100
ED,65
JUSTIN,60
ELLE,46
ALLAN,40
WADE,30
ZUNE,60
ELLE,60
DEAN,94
DANIEL,100
JEFF,95
ZEN🎄,45
JUDY,60
BK,95
WOODY,60
ALLAN,55
PATRICK,60
LUKE,43
ALLAN,60
VAN,75
ELLA❄️,65
ROHA,26
MILES,60
BK,52
CROW,94
MILES,65
DEAN,95
ROHA,41
DEAN,43
JEFF,100
JEFF,24
DG,26
MILES,60
JEFF,90
ELLE,60
CROW,27
MEIIA,100
JARROD,60
LUCA,75
RINA,48
ROHA,70
ROMY,31
OCEAN,60
RINA,65
NIKE,60
LUCAS,47
AEGON,101
OCEAN,36
ALLAN,100
WADE,31
LUCAS,43
JUSTIN,40
PHILIP,43
IVAN,70
ELLIE,100
LUKE,60
THEO,60
JERRY,41
LUKE,90
JUSTIN,65
WADE,65
ROHA,60
DEAN,45
ED,60
GREEN,40
MARVIN,100
ELLA❄️,26
JEFF,7
VAN,22
LIAM,60
IVAN,45
PHILIP,43
JUSTIN,60
CROW,47
BEN,32
B⭐,85
GLORIA,6
GOLD,60
ROMY,73
MARVIN,100
TIANA,71
VAN,100
DANIEL,60
ED,60
GOLD,64
NIKE,60
ED,60
MEIIA,95
☃️,61
DANIEL,55
ROHA,60
GOLD,40
ELLA❄️,25
GOLD,42
☃️,60
ROHA,35
AEGON,48
LIAM,84
☃️,90
ROHA,70
OCEAN,60
ZEN🎄,60
SCOTT,105
ELLE,105
ZEN🎄,140
MARVIN,39
ROHA,95
IVAN,95
JUSTIN,50
AEGON,53
PATRICK,45
ELLIE,59
ALLAN,65
ROHA,60
DERRICK,31
MILES,75
LUMI,43
RIVER,67
ELLE,60
CROW,48
HAZEL,46
BK,75
JEFF,54
MILES,90
JED,45
ZEN🎄,60
CROW,48
OCEAN,60
BK,46
JUSTIN,43
THOR,60
SILO,48
ELLIE,26
MARVIN,60
ROHA,60
CINDY,56
ROHA,45
ZEN🎄,60
DANIEL,47
ROY,65
ISLA,54
DANE,60
ROY,65
THOR,65
JOY,65
PATRICK,60
MEIIA,100
CINDY,56
ED,60
ZEN🎄,60
GOLD,100
LUKE,43
THOR,100
EDAN,28
ALLAN,60
ROHA,45
DEAN,60
DANE,60
MEIIA,60
PHILIP,100
JUSTIN,60
ROHA,60
ZEN🎄,60
PATRICK,41
JOHN,29
LIAM,30
ALLAN,45
ELLE,60
JEFF,26
WOODY,31
PATRICK,60
PATRICK,40
LUCA,60
BK,70
MILES,65
ROHA,60
RINA,65
MEIIA,150
RINA,150
LUMI,26
LUCA,65
LIAM,40
MARVIN,100
ROHA,60
WOODY,100
OCEAN,100
THOR,48
JEFF,46
DANIEL,41
WOODY,60
DEAN,90
GREEN,60
SILO,60
ALLAN,60
THEO,59
CINDY,45
RINA,48
NONAN,50
RINA,65
ROMY,62
ROHA,81
DAVID,100
RIVER,75
WOODY,21
THOR,43
ALLAN,41
ELLE,90
WYNN,95
ROHA,132
ROHA,65
VAN,60
DEAN,60
ISLA,46
ELLA❄️,20
MARVIN,45
LUCA,65
BEN,70
THOR,60
DEAN,45
GREEN,9
RO,59
ALLAN,65
DEAN,53
PHILIP,95
DG,6
ED,60
JEFF,65
ALLAN,60
PATRICK,26
TIANA,61
MILES,100
MILES,105
ALLAN,41
BRICE,60
IVAN,75
BK,103
ALLAN,60
ERIC,73
BK,45
BRICE,43
ERIC,31
PATRICK,70
CROW,94
JUDY,41
CINDY,23
ZEN🎄,60
MILES,90
JEFF,12
🔔LUIS,25
LIAM,6
THOR,60
JUSTIN,60
DEAN,23
PATRICK,85
ZEN🎄,65
ROMY,64
ISLA,60
RINA,60
ED,40
ZEN🎄,60
RINA,100
BK,36
DEAN,60
JUSTIN,60
RIVER,42
ELLE,60
RINA,78
BK,27
NONAN,60
ROMY,28
CHLOE,71
ZEN🎄,60
LUCA,75
ZEN🎄,60
ELLIE,35
OLIVIA,23
MEIIA,95
ZEN🎄,100
ISLA,60
THOR,60
🔔LUIS,65
☃️,90
ELLE,60
WENDY🎅,82
DANIEL,52
ZEN🎄,60
ZEN🎄,41
ELLE,54
MARVIN,99
ELLIE,94
LUKE,65
WENDY🎅,45
ELRIC,92
CROW,7
NONAN,3
DEAN,60
DG,48
ALLAN,65
ZEN🎄,60
JEFF,95
GOLD,70
ROY,51
ROHA,44
JUSTIN,41
ED,60
ROHA,65
JARROD,43
ZUNE,39
CROW,90
BRICE,60
WADE,60
ED,60
JEFF,24
LUCA,45
TIANA,40
ALLAN,41
GREEN,75
RINA,65
ALLAN,60
GREEN,59
LUKE,65
WENDY🎅,46
DEAN,60
ELLE,105
RINA,43
ZEN🎄,60
JEFF,37
MEIIA,48
THOR,100
BRANDON,60
RIVER,54
JARROD,60
DEAN,60
ALLAN,64
DANIEL,60
BRICE,60
JUSTIN,100
DEAN,22
PATRICK,27
WADE,26
MEIIA,25
THOR,60
BEN,22
ED,60
LIAM,60
OLIVIA,59
MILES,60
TIANA,61
THEO,45
CROW,73
CHLOE,62
DANIEL,28
THOR,100
JUSTIN,75
PHILIP,60
GREEN,90
NIKE,100
JEFF,38
IVAN,96
LUCAS,48
GOLD,53
CROW,73
GOLD,78
PATRICK,45
JOY,60
ALLAN,50
RIVER,26
THOR,60
RO,21
WADE,11
EDEN🎅🎅,2
DEAN,3
MARVIN,100
ELLE,95
🔔LUIS,90
ROMY,47
LUCA,21
MILES,90
DANIEL,57
MILES,60
OLIVIA,37
ALLAN,90
BEN,30
JEFF,31
ALLAN,60
JED,41
JEFF,46
VAN,76
ZEN🎄,100
DANIEL,46
RO,41
WOODY,100
JERRY,90
DEAN,60
ZEN🎄,60
JARROD,60
AEGON,70
ALLAN,43
THOR,46
PATRICK,94
GOLD,45
ELRIC,43
ZEN🎄,100
AEGON,60
PATRICK,60
LUCA,36
IVAN,58
LUKE,25
DANIEL,35
PATRICK,60
MEIIA,45
ZUNE,21
RO,60
MILES,100
DEAN,71
RO,60
MARVIN,140
MILES,100
DEAN,60
PATRICK,59
ROHA,60
DEAN,60
CHLOE,60
LUCA,60
JEFF,48
MILES,130
LUKE,26
PATRICK,60
ROHA,45
ED,60
ALLAN,105
ROHA,51
NIKE,90
DANIEL,70
SANG❄️HWA,58
ROHA,60
PHILIP,31
🔔LUIS,3
YENNY,28
ROHA,65
PHILIP,31
ALLAN,60
ELLE,62
BEN,50
JUSTIN,56
ALLAN,60
MARVIN,34
ALLAN,60
DANIEL,42
DEAN,60
RINA,100
ALLAN,50
PATRICK,70
THOR,60
EDEN🎅🎅,15
THOR,100
IVAN,125
JEFF,53
ELLIE,41
LUKE,41
WENDY🎅,59
LIAM,30
CROW,45
ROHA,43
MILES,100
CHLOE,43
DEAN,60
ROHA,5
B⭐,85
PATRICK,48
IVAN,100
BK,53
GLORIA,86
IVAN,92
LUKE,41
IVAN,70
OCEAN,60
BEN,22
WENDY🎅,37
ROMY,41
ELLE,100
THOR,60
PATRICK,70
ROMY,53
LUCA,64
MILES,100
PATRICK,41
BEN,9
THOR,60
MEIIA,60
B⭐,29
AEGON,41
IVAN,70
BK,75
FRNK,23
GOLD,26
BRANDON,45
ZEN🎄,60
ZEN🎄,43
☃️,50
GOLD,90
LUKE,45
MEIIA,56
BRANDON,100
DANIEL,46
JEFF,65
PHILIP,60
LUCA,28
DANE,53
PATRICK,60
ROHA,65
ALLAN,30
JEFF,48
GLORIA,85
WENDY🎅,46
DANIEL,43
HAZEL,50
ALEX,31
TIANA,57
ZEN🎄,60
DANIEL,65
PHILIP,100
MARVIN,59
ROY,60
JUSTIN,43
☃️,85
JUSTIN,33
DEAN,9
IVAN,13
ISLA,76
RIVER,23
JERRY,120
ROY,9
IVAN,76
ROHA,32
GREEN,26
ED,105
JARROD,60
BRICE,40
PATRICK,60
LUKE,22
ROHA,85
BK,71
ELLE,95
LUKE,65
AEGON,41
ROHA,65
ZEN🎄,60
LUKE,44
OLIVIA,45
ROHA,24
ELLE,26
MEIIA,60
WOODY,41
CROW,87
ZEN🎄,60
ZEN🎄,90
JUSTIN,41
LUCAS,60
GREEN,60
ELLE,60
DANE,28
LUCA,60
ED,60
ED,60
JOY,103
MEIIA,70
ROHA,60
PHILIP,60
AEGON,95
ALLAN,41
PHILIP,55
ALLAN,90
ALLAN,45
PHILIP,48
BRICE,60
YENNY,5
MILES,65
THOR,90
GLORIA,56
AEGON,95
ELLE,75
JUSTIN,51
ELLIE,69
CROW,94
ZEN🎄,60
LIAM,57
SANG❄️HWA,95
ALLAN,22
GOLD,60
ZEN🎄,100
ALLAN,60
DANIEL,89
MEIIA,100
LUCA,60
ALLAN,60
ROHA,59
ELLA❄️,60
JEFF,40
CHLOE,42
LUKE,60
DEAN,60
LUCA,60
ELLA❄️,43
RO,4
LUKE,65
DANIEL,60
ROHA,60
ZEN🎄,60
ZEN🎄,100
JEFF,65
LUCA,90
JOY,60
RINA,43
DEAN,45
ZEN🎄,100
LUCA,53
ED,60
ELLE,60
GREEN,75
BK,29
MEIIA,29
ROHA,65
LUMI,43
ZEN🎄,60
DANIEL,120
THOR,60
ED,60
ALLAN,65
MILES,100
OLIVIA,9
WENDY🎅,46
LUKE,45
IVAN,70
DEAN,60
ROHA,60
DANE,71
WADE,4
ROHA,75
THOR,65
PATRICK,40
PATRICK,60
JUSTIN,95
CINDY,43
LUCA,140
JUSTIN,130
GLORIA,41
TIANA,43
MEIIA,60
ZEN🎄,60
PATRICK,47
JUSTIN,60
WADE,60
MARVIN,100
ROMY,113
CROW,23
THOR,48
LUCAS,43
DEAN,9
JUSTIN,53
ROHA,60
SILO,65
ED,60
JEFF,67
JOHN,67
ALLAN,60
JEFF,78
IVAN,48
LIAM,88
IVAN,70
ROHA,60
LUKE,62
IVAN,54
GLORIA,78
BEN,65
PATRICK,43
ROHA,45
ELLE,60
DEAN,70
ERIC,48
DERRI,31
ELLE,43
IVAN,48
IVAN,44
JEFF,46
JEFF,70
BEN,44
NIKE,60
TIANA,68
MILES,53
DANIEL,48
DEAN,4
DEAN,60
DERRI,65
ELRIC,90
AEGON,43
ED,60
ALLAN,76
RIVER,31
JEFF,60
JUSTIN,60
JOHN,52
IVAN,78
BK,63
IVAN,48
JEFF,59
ZUNE,59
ELLE,60
ELLE,60
ED,60
BK,95
CROW,26
ZUNE,60
GOLD,73
DEAN,46
JOHN,57
PATRICK,60
TIANA,59
DEAN,45
ALLAN,60
MILES,60
BK,52
ZEN🎄,65
PATRICK,43
PHILIP,60
OCEAN,57
GOLD,48
ZEN🎄,5
DEAN,70
LUKE,60
MARVIN,60
ALLAN,60
ALLAN,140
ROHA,65
NIKE,100
JUDY,46
ROHA,60
ZEN🎄,60
DERRICK,60
JEFF,70
THOR,60
JARROD,100
LUCA,83
JEFF,54
CINDY,9
BRANDON,45
WENDY🎅,50
ROHA,60
BRANDON,45
ALLAN,22
THOR,60
DERRI,45
ALLAN,90
ZEN🎄,60
AEGON,45
VAN,26
ROHA,90
BRANDON,100
WOODY,53
DEAN,43
ROHA,60
ALLAN,52
DANIEL,45
LUKE,60
☃️,30
IVAN,100
ELLIE,83
SANG❄️HWA,31
IVAN,43
BRICE,60
ROHA,92
ALLAN,60
JUSTIN,110
WADE,95
THOR,100
WADE,60
PATRICK,65
DANIEL,45
BK,33
VAN,60
DANIEL,38
ZEN🎄,60
OCEAN,44
ZUNE,59
IVAN,75
OCEAN,65
WENDY🎅,88
ISLA,60
JEFF,42
MAX,60
DEAN,65
DEAN,60
JUSTIN,130
THOR,60
JUSTIN,65
JOY,95
ZEN🎄,100
RIVER,22
ALLAN,65
THOR,60
ALLAN,60
DANE,60
MILES,60
MEIIA,28
JUSTIN,60
DEAN,60
IVAN,64
MARVIN,60
ZEN🎄,100
GOLD,53
PATRICK,60
AEGON,65
ISLA,60
DEAN,65
DEAN,100
DEAN,60
PATRICK,23
SASHA,34
AEGON,60
NIKE,60
THOR,45
☃️,59
MARVIN,100
LUCA,65
☃️,60
RINA,31
BEN,45
SILO,60
DEAN,57
ALLAN,60
ROHA,60
SANG❄️HWA,67
ZEN🎄,60
JUDY,60
DERRICK,27
ZEN🎄,60
DANIEL,65
ELRIC,67
PATRICK,30
IVAN,48
ZEN🎄,100
ALLAN,60
IVAN,56
ED,60
GREEN,65
LIAM,28
IVAN,60
DANIEL,89
AEGON,125
LUKE,60
BK,100
DANIEL,43
MILES,100
PATRICK,60
ELLIE,23
ZEN🎄,26
DANIEL,73
MEIIA,65
ALLAN,31
JEFF,53
LUMI,59
ROHA,65
MILES,65
THOR,60
WOODY,60
ELLE,58
JEFF,57
JUSTIN,60
IVAN,78
JARROD,60
ROHA,60
ROHA,60
BK,42
DEAN,65
THOR,100
THOR,65
ROHA,60
ELLA❄️,60
WADE,48
LUKE,11
JUSTIN,65
JERRY,71
🎅🎅🎅🎅🎅,37
ROMY,48
ELLE,70
MARVIN,60
LUKE,100
PATRICK,65
ED,60
LUCA,51
WADE,51
ROHA,60
MILES,95
ALLAN,43
☃️,100
JEFF,70
DANIEL,65
ROHA,27
CINDY,53
AEGON,43
DEAN,60
THOR,60
THOR,95
ROY,73
ELLIE,9
GOLD,100
LUKE,45
EDAN,78
MEIIA,60
THOR,60
CROW,29
CROW,56
BK,40
DEAN,41
ED,45
BEN,60
CINDY,48
WENDY🎅,51
JEFF,100
RINA,53
BK,46
JOY,87
AEGON,60
DANIEL,53
ZUNE,60
CHLOE,57
MEIIA,75
🔔LUIS,32
BK,100
CROW,59
GREEN,72
JEFF,36
ROHA,60
LUKE,58
MILES,60
DERRICK,60
ZEN🎄,60
MILES,89
SASHA,104
TIANA,75
AEGON,41
CROW,100
WENDY🎅,53
ISLA,25
LUKE,81
DEAN,60
ALLAN,90
BEN,43
LUCA,48
LUKE,130
DANIEL,60
DEAN,130
DEAN,60
JEFF,65
JEFF,51
RIVER,45
LUCA,60
JUSTIN,95
DEAN,60
ELLIE,31
ZEN🎄,60
LUCA,65
BK,35
MILES,65
ELLE,60
MILES,60
SANG❄️HWA,61
LUKE,60
MILES,60
LIAM,67
ELRIC,41
NIKE,80
ALLAN,70
JEFF,29
DANIEL,20
ROHA,44
MILES,60
ALLAN,41
CROW,41
DEAN,65
LUCA,30
ALLAN,60
DERRI,37
🔔LUIS,89
ZEN🎄,140
IVAN,31
WADE,60
ALLAN,59
OCEAN,60
BK,40
ELLE,65
LUKE,41
DEAN,51
MARVIN,100
RIVER,69
CROW,30
RO,43
SCOTT,60
LUKE,41
ALLAN,60
THEO,48
IVAN,60
LUCA,48
PATRICK,45
WADE,70
☃️,60
PATRICK,45
NIKE,100
RINA,70
B⭐,95
ALLAN,60
JUSTIN,60
DEAN,60
RINA,47
LUCA,33
ELLE,43
JEFF,42
DEAN,53
IVAN,41
MILES,78
ELLA❄️,60
THEO,85
DEAN,45
ELLE,95
TIANA,47
ELLA❄️,24
ZEN🎄,60
MILES,60
BK,45
PATRICK,43
RINA,73
MARVIN,40
SANG❄️HWA,48
DEAN,60
ELLE,78
DANIEL,60
PATRICK,60
RO,52
ED,49
MAX,73
LUMI,70
ROMY,45
IVAN,78
LIAM,37
MILES,60
MILES,65
JUSTIN,60
ALLAN,60
SCOTT,60
DG,60
ELLIE,78
PATRICK,41
ERIC,73
LUKE,45
ALLAN,60
DEAN,78
THOR,60
PATRICK,60
IVAN,3
NONAN,59
LIAM,60
MEIIA,48
VAN,60
ALLAN,60
LUCAS,49
BK,157
DEAN,60
ALLAN,57
GLORIA,65
ALLAN,43
DANE,60
ROHA,125
ROY,72
MILES,100
THOR,100
DANE,60
ROY,80
ELLIE,119
ZEN🎄,100
THOMAS,60
SANG❄️HWA,25
JARROD,60
MILES,95
DANIEL,83
DEAN,60
THOR,20
ALLAN,100
ZEN🎄,60
AEGON,46
RINA,125
MILES,65
GREEN,41
LUCA,45
THOR,60
JOY,60
BK,100
WOODY,75
GLORIA,69
AEGON,65
DEAN,87
IVAN,62
IVAN,78
JARROD,60
LUCAS,43
CROW,43
GREEN,57
JUSTIN,41
ZEN🎄,105
ROHA,50
ELLE,60
MILES,65
ED,75
IVAN,78
CHLOE,60
JUSTIN,60
ALLAN,40
LUCA,75
DEAN,60
BRICE,30
JARROD,60
ZEN🎄,60
RO,65
DEAN,60
BEN,45
DANIEL,22
JEFF,57
ELLIE,80
RO,50
ZEN🎄,60
JUSTIN,43
RRRR,9
PATRICK,60
BRANDON,60
MEIIA,120
GLORIA,60
MARVIN,60
SANG❄️HWA,89
ELLE,60
DANIEL,26
LUCA,45
IVAN,29
LUCA,30
ELLA❄️,57
GREEN,45
ZEN🎄,60
LUKE,26
MEIIA,90
LUCA,45
LUKE,65
THOR,60
ALLAN,45
GREEN,80
ZEN🎄,60
ELLE,100
THOR,60
ROMY,43
MILES,60
ALLAN,60
GOLD,73
ZEN🎄,28
BEN,9
ROHA,65
DEAN,65
ISLA,60
ALLAN,70
GREEN,65
DEAN,60
BK,60
JUSTIN,60
MILES,60
LIAM,50
ED,100
RO,26
LUCA,40
DG,43
WADE,45
JUSTIN,60
RINA,60
JUSTIN,70
ZEN🎄,100
MEIIA,125
ZEN🎄,90
ALLAN,60
MARVIN,20
NIKE,26
WOODY,31
ELLE,130
DEAN,60
LUKE,65
LUCAS,65
GOLD,54
ELLE,60
LUCA,85
ROHA,60
JEFF,29
PATRICK,48
CAISY,24
IVAN,51
ZEN🎄,90
JARROD,41
ZEN🎄,60
ZEN🎄,60
PHILIP,41
CINDY,3
BRICE,41
BK,51
JEFF,43
ZEN🎄,60
WENDY🎅,80
LIAM,86
THEO,43
NIKE,60
JEFF,24
MILES,60
ELLA❄️,65
ED,60
JEFF,52
ELLIE,70
ROHA,60
JEFF,73
WOODY,70
ALLAN,60
RINA,53
DEAN,59
VAN,40
ZUNE,45
ZUNE,43
BEN,25
ZEN🎄,60
MARVIN,60
BK,60
CINDY,29
JARROD,60
ZEN🎄,71
ROHA,70
JUSTIN,60
VAN,40
ELLE,60
ROHA,60
JEFF,7
GOLD,23
ZEN🎄,130
PHILIP,100
TIANA,95
JUSTIN,44
MARVIN,45
JEFF,70
RINA,62
ROHA,60
ROMY,65
AEGON,65
TIANA,125
PHILIP,70
MILES,60
JARROD,60
MARVIN,100
JUSTIN,60
ELLIE,47
LUCA,33
WADE,65
PATRICK,97
PHILIP,60
ALLAN,100
IVAN,86
WADE,60
BEN,65
AEGON,41
DANIEL,60
ELLE,65
ROHA,92
ISLA,60
DANIEL,43
LUCA,39
GOLD,103
ELLE,60
ZEN🎄,100
AEGON,27
DEAN,51
ROHA,31
ROHA,60
ED,60
DEAN,100
RIVER,65
ELLE,100
DEAN,28
JEFF,71
ISLA,71
ROHA,60
ROHA,111
TIANA,37
LUKE,60
ALLAN,60
GOLD,78
LUCA,90
PATRICK,30
ELLA❄️,47
LUCA,41
DERRICK,33
WADE,57
JERRY,46
DANIEL,60
KK,78
ZEN🎄,60
GOLD,103
BEN,41
IVAN,60
MILES,60
ALLAN,54
GOLD,65
🔔LUIS,60
ALLAN,60
PATRICK,41
PATRICK,43
DEAN,65
ZEN🎄,60
JUSTIN,70
THOR,26
OLIVIA,29
RINA,21
JUSTIN,60
WENDY🎅,78
DANE,60
LUKE,60
ALLAN,120
ALLAN,60
ELLE,65
ROHA,77
ALLAN,90
GLORIA,60
DEAN,66
SANG❄️HWA,33
ALLAN,60
SANG❄️HWA,11
IVAN,120
IVAN,69
DEAN,140
DEAN,75
MILES,110
ALLAN,65
LUKE,90
ALLAN,95
WADE,9
JUSTIN,60
ALLAN,65
BK,46
ELLE,60
RO,70
ALLAN,65
ZEN🎄,60
PATRICK,90
🎅,28
ED,60
ELLE,65
JASMINE,42
MILES,60
GLORIA,42
ELLIE,53
DEAN,43
ALLAN,60
ELLIE,50
THOR,100
ALLAN,76
ZEN🎄,50
DANIEL,65
CROW,53
PATRICK,90
TIANA,65
AEGON,60
ELLA❄️,64
MILES,65
JEFF,31
LIAM,38
LIAM,56
IVAN,75
ELLE,53
LUKE,26
DEAN,45
RINA,65
BK,35
CROW,78
ISLA,65
ELRIC,53
DANIEL,48
LUCA,100
MILES,95
ZUNE,95
GLORIA,57
ROHA,60
PHILIP,60
MARVIN,45
BEN,60
NIKE,60
ELLIE,37
ELLE,90
ISLA,100
MILES,100
ISLA,60
ISLA,65
ED,60
GOLD,53
ELLA❄️,43
LUCA,74
ALLAN,60
ED,105
☃️,100
ALLAN,65
JEFF,78
VAN,53
LUKE,46
JIA,95
CROW,53
ROHA,92
CROW,103
JUSTIN,130
THOR,41
ED,60
PATRICK,60
JUSTIN,65
IVAN,110
DANIEL,60
LIAM,54
DEAN,60
ALLAN,60
DANIEL,46
LUKE,62
DAVID,46
JUSTIN,140
GOLD,42
VAN,33
LIAM,40
LUCA,71
DEAN,1
JARROD,60
JERRY,56
DANIEL,48
MEIIA,100
☃️,60
ELLE,48
ELLE,3
JOHN,60
ALLAN,82
JOY,60
LUCA,100
PATRICK,75
MILES,60
LUCA,78
ELLE,60
GOLD,60
ED,60
ZEN🎄,66
JEFF,24
ZEN🎄,100
GOLD,29
AEGON,43
DANE,60
ZEN🎄,60
LUCA,29
MARVIN,60
PATRICK,81
LUKE,100
CROW,83
ISLA,60
GREEN,105
WOODY,103
MILES,60
JEFF,47
LUKE,60
ELLE,23
PHILIP,10
GLORIA,70
DEAN,41
BK,59
WADE,26
DANIEL,100
BEN,51
ELLE,48
GREEN,29
GLORIA,65
PATRICK,145
DG,60
PATRICK,26
ZEN🎄,100
THOR,60
JOY,28
DEAN,95
MILES,60
LUCA,57
ELLE,95
JUSTIN,53
ZEN🎄,60
LUCAS,95
RINA,53
WOODY,36
BEN,26
MARVIN,100
JUSTIN,50
DEAN,60
OCEAN,65
SASHA,60
THOMAS,41
DANIEL,60
MILES,65
THOR,43
DANIEL,43
JUSTIN,48
PATRICK,26
GOLD,100
IVAN,31
ELLIE,15
BK,60
JARROD,60
AEGON,37
WADE,47
LUCA,48
IVAN,28
ZEN🎄,60
DAVID,95
RINA,45
DEAN,95
IVAN,47
THOR,57
DEAN,75
ELLE,27
GOLD,90
ROHA,20
ZEN🎄,60
BK,60
AEGON,62
IVAN,49
DEAN,65
MILES,60
WOODY,70
LUCA,65
ALEX,12
JUSTIN,63
DANE,60
ISLA,87
WADE,42
CHLOE,65
EDEN🎅🎅,32
DG,83
GREEN,24
ROY,60
IVAN,52
THOR,60
RO,45
JUSTIN,41
JUSTIN,60
ZEN🎄,60
ALLAN,60
ZEN🎄,65
DEAN,100
🔔LUIS,26
ELLA❄️,43
JUSTIN,105
RINA,24
TIANA,41
☃️,59
GOLD,125
LIAM,15
DANE,90
CHLOE,60
CINDY,31
PHILIP,40
JARROD,73
LIAM,48
DEAN,60
ZUNE,60
DANIEL,60
MILES,100
ELRIC,43
PATRICK,41
DEAN,60
BK,101
ED,60
DANIEL,60
TIANA,65
ZEN🎄,100
BK,71
MILES,95
SANG❄️HWA,35
GOLD,7
ROHA,60
BK,67
CHLOE,53
OCEAN,60
GLORIA,53
THOMAS,100
DANIEL,95
DANIEL,70
ZEN🎄,60
OCEAN,60
WENDY🎅,125
GLORIA,41
RINA,78
WADE,3
ELLE,60
ROHA,105
MILES,60
WADE,53
DANIEL,43
GOLD,48
ALLAN,60
RINA,51
THOR,70
DANIEL,29
ROHA,60
WADE,65
LUKE,60
SANG❄️HWA,43
CROW,48
DEAN,95
BK,80
LUKE,95
GREEN,48
ISLA,90
DANIEL,70
SANG❄️HWA,25
OCEAN,88
CINDY,48
GREEN,60
ZEN🎄,60
OCEAN,57
IVAN,120
BEN,60
VAN,60
DANE,9
JARROD,65
ED,90
JUDY,73
JUSTIN,43
BEN,65
LUCA,48
JEFF,59
LUMI,60
OLIVIA,54
SILO,95
LUCA,41
ELLE,69
DANIEL,62
ELLIE,57
DEAN,43
MILES,40
BEN,41
LUCA,9
DEAN,60
CROW,69
DEAN,41
ELLIE,22
JEFF,29
PATRICK,45
ELLA❄️,78
ALLAN,43
ALLAN,60
MEIIA,50
WADE,43
MILES,100
ALLAN,60
CROW,9
HAZEL,60
DANIEL,60
DANE,60
JUSTIN,46
MILES,90
THEO,45
ROHA,45
MEIIA,43
ZEN🎄,60
ROMY,61
ELLA❄️,135
BEN,44
ERIC,28
LUCA,62
CROW,25
JUSTIN,26
VAN,88
SANG❄️HWA,48
ZEN🎄,43
ZUNE,39
AEGON,65
MILES,60
BK,71
JARROD,60
DEAN,17
DEAN,60
ALLAN,56
DEAN,60
LUKE,60
JUSTIN,60
MILES,100
WENDY🎅,78
JUSTIN,90
CHLOE,40
DERRI,53
THOR,48
CROW,43
ROMY,120
ELLA❄️,60
ELLE,60
ELRIC,87
🔔LUIS,70
NIKE,50
JUSTIN,65
AEGON,60
ISLA,60
JEFF,43
DANIEL,45
AEGON,70
PHILIP,60
ZUNE,60
ZEN🎄,60
BK,45
BEN,33
JIA,43
JEFF,23
IVAN,25
ELRIC,95
OLIVIA,21
ALLAN,60
GLORIA,37
JOY,60
OCEAN,100
WOODY,78
WADE,60
CINDY,75
DANIEL,60
DEAN,11
PHILIP,100
CINDY,31
SASHA,70
WADE,37
SANG❄️HWA,78
IVAN,47
ALLAN,65
ROHA,60
PATRICK,60
ISLA,87
WADE,26
B⭐,97
LUKE,100
JEFF,25
JUSTIN,60
MILES,60
ZEN🎄,60
ELLE,150
ERIC,65
JUSTIN,45
ROHA,38
PATRICK,107
ZEN🎄,60
MARVIN,100
ALLAN,100
WENDY🎅,100
LUKE,41
LUCA,60
DANIEL,43
DEAN,33
THOR,60
SASHA,45
ZEN🎄,60
ISLA,65
ZEN🎄,60
JEFF,60
TIANA,60
LUCA,100
MILES,45
PATRICK,60
CINDY,79
ALLAN,60
RINA,85
ROMY,83
ELLE,48
JUSTIN,60
ALLAN,60
ALLAN,60
ROHA,45
JEFF,78
PHILIP,60
LUKE,50
BEN,70
ROMY,21
NIKE,60
LUKE,41
ELLE,45
JUSTIN,60
ELLE,60
ELLE,60
IVAN,72
CROW,49
ELLA❄️,60
THOR,100
ELLA❄️,60
BK,56
ZEN🎄,60
ZEN🎄,60
TIANA,52
THOR,43
JARROD,38
ROHA,70
GLORIA,47
TIANA,26
GREEN,41
OCEAN,140
ELLE,60
ROHA,85
PATRICK,58
DANE,72
WADE,60
NIKE,100
PATRICK,92
MILES,45
NIKE,60
PATRICK,95
BEN,48
ELLE,60
ZEN🎄,60
JARROD,46
ED,75
ED,60
ELLA❄️,25
THEO,51
PATRICK,42
LUCA,85
OCEAN,65
THEO,42
ED,46
NIKE,65
BEN,12
JERRY,100
THOR,46
MEIIA,125
ELLE,26
ZEN🎄,60
ELLE,65
ED,100
ED,31
THOR,60
PATRICK,60
DANIEL,62
CHLOE,43
CINDY,57
ZEN🎄,60
GOLD,105
BK,74
JEFF,43
OCEAN,60
GREEN,43
DEAN,41
DEAN,65
LUMI,64
DANIEL,72
WADE,95
ELLA❄️,65
DEAN,60
PATRICK,60
DANIEL,64
DANE,44
GOLD,60
🔔LUIS,32
PATRICK,43
ELLIE,47
ELLIE,90
BK,100
ROHA,24
ED,60
JUSTIN,105
ED,60
LUKE,75
CINDY,83
ZEN🎄,100
🔔LUIS,59
ELLE,65
DANE,60
DERRI,38
DANIEL,60
GLORIA,70
BEN,82
PATRICK,45
VAN,45
MEIIA,60
WADE,60
ELLE,65
ZEN🎄,60
JEFF,38
LUKE,100
ROHA,59
RO,53
DANIEL,49
ALLAN,105
MILES,60
SANG❄️HWA,47
LUKE,100
SCOTT,60
JARROD,40
LIAM,48
ALLAN,65
DANIEL,64
SILO,60
DEAN,105
ZEN🎄,100
IVAN,53
ROMY,23
LUCAS,60
WADE,26
ELLE,105
AEGON,60
ROHA,105
CROW,43
ELLE,60
ALLAN,65
MEIIA,92
ELLE,65
ZEN🎄,60
🔔LUIS,45
LUMI,100
JARROD,60
LUCA,90
ELLIE,65
ZEN🎄,60
LUKE,60
NIKE,60
CROW,67
ZEN🎄,60
GREEN,19
AEGON,83
OCEAN,95
ELLIE,88
TIANA,53
THOR,60
WADE,60
ZEN🎄,60
JARROD,41
MARVIN,140
PHILIP,90
ROHA,90
ALLAN,60
JASMINE,86
DEAN,60
LUCA,45
JUSTIN,48
ELLE,78
PATRICK,84
SCOTT,25
JUDY,64
MARVIN,100
PHILIP,41
THOR,60
MARVIN,60
LUKE,37
BK,46
WENDY🎅,72
BRICE,70
DG,73
ALLAN,95
ROHA,45
ELLE,75
MILES,60
DANIEL,44
ZEN🎄,31
NONAN,24
THOR,60
GREEN,58
DEAN,15
BRICE,105
MEIIA,95
ELLE,100
JUSTIN,60
RINA,23
PHILIP,60
ALLAN,65
ZEN🎄,60
BEN,60
JUSTIN,45
ZEN🎄,46
BK,47
ISLA,60
ALLAN,60
IVAN,70
THEO,56
ED,45
GOLD,90
DEAN,48
ZEN🎄,60
ELLE,65
WENDY🎅,78
DANIEL,71
IVAN,75
JOY,48
ISLA,45
PATRICK,55
IVAN,65
GREEN,69
ROHA,60
JUSTIN,60
MILES,45
DEAN,57
ZUNE,60
ELLIE,6
ELLE,43
DEAN,45
ZEN🎄,60
LUCAS,95
ROHA,103
ELLA❄️,60
MILES,140
ALLAN,120
MARVIN,65
ELLE,130
BEN,23
DEAN,60
GREEN,72
GREEN,28
MEIIA,90
JEFF,41
DANIEL,46
PATRICK,71
PATRICK,30
JEFF,43
ALLAN,65
GLORIA,53
DEAN,45
JOY,65
ERIC,53
JEFF,7
ROHA,95
CAISY,60
DANIEL,60
GOLD,46
GOLD,53
BEN,30
OCEAN,65
THEO,44
THOR,65
ROHA,40
GLORIA,60
BEN,48
ALLAN,110
LUCAS,65
MARVIN,60
ELLE,90
RINA,117
DEAN,9
ELLE,43
RINA,100
ZEN🎄,60
DEAN,100
WADE,25
DEAN,53
GLORIA,58
ZEN🎄,100
RINA,60
DEAN,60
CINDY,54
DG,9
ISLA,70
LUCA,55
BRICE,70
GLORIA,31
NIKE,60
ISLA,60
MEIIA,52
CINDY,73
ELLE,62
CROW,60
GREEN,41
JUSTIN,38
VAN,60
ROHA,100
PATRICK,45
PATRICK,60
MILES,60
DANE,60
JUSTIN,28
MILES,60
THEO,65
LUKE,63
MILES,83
BEN,23
ROHA,26
MILES,53
JERRY,38
BK,90
PATRICK,41
DEAN,51
DEAN,90
CHLOE,43
JIA,48
ED,43
JUSTIN,89
JEFF,46
DEAN,22
MILES,40
DANE,60
THOR,60
DANIEL,41
CROW,75
DANE,9
LUKE,60
CROW,69
PHILIP,60
B⭐,60
BK,43
ALLAN,95
DANIEL,60
DANIEL,30
LIAM,31
NIKE,60
MILES,43
CHLOE,43
ZEN🎄,60
ZUNE,23
PATRICK,31
CHLOE,60
LIAM,48
JUSTIN,70
PATRICK,41
BRICE,60
ELRIC,43
WADE,59
IVAN,29
MILES,30
THOR,60
JUSTIN,80
ALLAN,100
DEAN,103
MILES,60
ELLE,41
LUCA,41
MEIIA,78
LUKE,90
ROHA,41
THOMAS,54
OCEAN,60
JARROD,87
MARVIN,125
DANIEL,43
MARVIN,120
JEFF,5
DANIEL,100
ROY,60
BRANDON,90
JEFF,9
ALLAN,65
PATRICK,87
DEAN,46
SCOTT,65
ELLIE,25
IVAN,45
ROHA,45
CROW,78
ALLAN,60
BK,28
DEAN,60
ED,60
MARVIN,119
LUKE,51
GLORIA,90
JERRY,55
DEAN,60
DEAN,100
TIANA,41
ALLAN,70
DERRICKK,60
ISLA,130
RINA,48
THOR,60
LUCA,50
ZEN🎄,60
MEIIA,65
JEFF,48
ELLE,103
ELLE,78
CROW,55
ZEN🎄,60
ALLAN,70
THOR,100
SCOTT,73
ROHA,100
DANIEL,94
DANIEL,60
ALLAN,52
ROHA,130
WENDY🎅,92
JEFF,51
ROHA,64
ALLAN,26
DEAN,70
LUCA,70
OCEAN,94
PHILIP,78
DANE,60
SCOTT,60
MILES,90
MARVIN,150
ROHA,60
RINA,92
MARVIN,100
AEGON,110
ROHA,65
LUKE,90
PHILIP,95
DEAN,60
ALLAN,24
DANIEL,42
ZEN🎄,60
CROW,65
ZEN🎄,60
ELLE,95
LUCA,60
MILES,60
DEAN,46
ELLIE,45
SANG❄️HWA,25
DEAN,65
ZEN🎄,60
CINDY,55
🔔LUIS,44
LUMI,66
MILES,64
🔔LUIS,37
LUCA,43
ZEN🎄,60
PHILIP,100
ROHA,60
ALLAN,46
ELLE,60
RINA,90
JUSTIN,90
IVAN,48
DERRICK,9
ZEN🎄,85
CINDY,60
DANIEL,50
WADE,48
DANIEL,72
WADE,60
NIKE,60
MARVIN,26
PATRICK,100
THOR,60
DEAN,60
LIAM,75
MILES,105
CROW,70
ZEN🎄,60
JED,140
PATRICK,43
ROHA,55
ZUNE,64
ZEN🎄,60
DEAN,95
JEFF,25
ROHA,60
ELLE,78
THOR,100
🔔LUIS,56
IVAN,68
MEIIA,60
ALLAN,53
JARROD,60
ROMY,105
LIAM,80
LUKE,60
JEFF,59
JEFF,59
ELLIE,54
LUCA,120
MILES,60
THOR,90
LUKE,46
PHILIP,23
DEAN,60
JEFF,35
ALLAN,100
PATRICK,45
CROW,60
ALLAN,83
BEN,39
SANG❄️HWA,9
MARVIN,60
JEFF,48
BEN,20
DEAN,73
SASHA,45
OCEAN,60
ZEN🎄,60
JUSTIN,90
ROHA,33
ELLE,78
ELLE,60
WOODY,39
ROHA,46
DANIEL,60
ISLA,105
ROHA,60
JEFF,78
LUKE,41
AEGON,60
LUKE,45
ALLAN,60
ROHA,55
LUKE,65
JARROD,24
🔔LUIS,41
MILES,70
ALLAN,60
OLIVIA,37
DEAN,60
CAISY,43
ROHA,55
LUKE,30
B⭐,41
ZEN🎄,60
CINDY,45
DEAN,30
ALLAN,75
LIAM,60
RINA,73
ED,60
CROW,60
ZEN🎄,60
IVAN,75
JUSTIN,41
DEAN,29
ROHA,28
IVAN,51
LUMI,78
JUSTIN,47
IVAN,103
THOR,60
DANIEL,105
WADE,97
ELLE,60
GLORIA,37
DEAN,60
ZEN🎄,60
PHILIP,41
LUMI,6
JUSTIN,65
DEAN,65
PHILIP,76
ALLAN,48
JUSTIN,81
MILES,105
TIANA,95
SILO,60
JUSTIN,83
ZUNE,17
DEAN,65
ROHA,60
GLORIA,6
JEFF,42
ZEN🎄,45
ELLA❄️,60
PATRICK,65
JUSTIN,83
LIAM,18
ALLAN,45
LUCAS,65
WADE,26
DEAN,64
DEAN,60
SANG❄️HWA,100
ALLAN,45
THOR,6
JEFF,43
DEAN,60
ED,60
JEFF,67
DEAN,100
DEAN,4
GREEN,42
WADE,43
OCEAN,3
BK,89
ALLAN,43
DEAN,60
ED,60
ROY,85
DEAN,76
ALLAN,100
DEAN,27
MEIIA,57
ZEN🎄,60
WADE,60
JASMINE,41
ROHA,78
DEAN,48
DEAN,100
WADE,60
LUCAS,70
BEN,49
DEAN,60
ED,40
ALLAN,150
BRICE,64
JEFF,45
IVAN,78
MILES,65
THOR,41
OLIVIA,33
DEAN,60
PHILIP,60
PATRICK,85
ROHA,65
DEAN,60
MEIIA,94
PHILIP,6
GLORIA,31
ROY,50
DEAN,70
JEFF,95
DAVID,130
JUSTIN,48
ALLAN,60
ZUNE,90
GLORIA,38
ROHA,43
PATRICK,100
ALLAN,90
DANIEL,100
LUCA,73
LUCA,70
WADE,8
MEIIA,90
IVAN,45
ELLE,65
CROW,48
ROHA,45
DANE,9
ROHA,60
🎅🎅🎅🎅🎅,26
DEAN,60
JARROD,81
LUCA,95
ALLAN,45
MILES,60
JOHN,45
GLORIA,71
DEAN,45
WOODY,33
☃️,43
DANE,60
MILES,90
ALLAN,60
DEAN,60
IVAN,46
CROW,73
GLORIA,41
MAX,43
CHLOE,45
ELLE,56
DANIEL,73
PHILIP,100
CHLOE,70
CHLOE,37
CROW,26
GREEN,65
RO,60
DEAN,45
ALLAN,77
RINA,40
ZEN🎄,60
PHILIP,48
ZEN🎄,60
RO,56
ED,60
JAY,73
LUCAS,93
BEN,14
THEO,65
DEAN,60
LUCAS,65
ZEN🎄,60
LIAM,25
CROW,58
ELLA❄️,113
PATRICK,83
ISLA,60
MARVIN,60
DERRICK,43
VAN,37
BEN,55
BEN,41
MILES,60
DEAN,71
TIANA,48
RINA,24
CROW,51
BK,71
ROHA,100
ROHA,46
ED,100
MEIIA,70
ROHA,60
MAX,65
ZUNE,60
DEAN,60
PHILIP,45
JEFF,48
ZEN🎄,140
CROW,41
LUKE,60
CAISY,78
RINA,48
PHILIP,95
GLORIA,41
MAX,43
CROW,47
DAVID,37
MARVIN,60
CROW,40
SASHA,60
CROW,70
LUCA,60
CAISY,3
ALLAN,60
ALLAN,60
DEAN,100
GREEN,45
PATRICK,65
ELLIE,50
TIANA,75
JOY,60
MILES,105
SCOTT,40
BRICE,48
JEFF,67
EDEN🎅🎅,28
GOLD,100
ALLAN,60
ISLA,100
JARROD,43
ELLA❄️,65
MILES,100
PATRICK,60
THOR,43
RINA,65
CROW,40
IVAN,103
ALLAN,95
IVAN,41
ALLAN,45
JEFF,41
THOR,105
PATRICK,41
ELLIE,53
ZEN🎄,60
MARVIN,60
JARROD,100
FRNK,65
PATRICK,100
CHLOE,95
CROW,45
PATRICK,45
JARROD,60
MEIIA,100
ERIC,100
ELLE,65
JEFF,46
JEFF,48
LUKE,100
ALLAN,65
LUKE,81
LUKE,60
TIANA,75
SANG❄️HWA,26
BRANDON,60
ELLA❄️,43
MILES,29
IVAN,26
ELLE,64
ROHA,60
LUCA,65
DEAN,60
SANG❄️HWA,67
PATRICK,130
MILES,48
ELLIE,46
PHILIP,60
MILES,60
LUCA,50
CROW,25
CROW,39
JUDY,90
JUSTIN,60
DANIEL,43
GREEN,60
RINA,51
GREEN,27
DANIEL,43
LUCA,125
ED,90
GLORIA,3
ELLA❄️,73
ZEN🎄,60
ROHA,33
ELRIC,120
PATRICK,77
B⭐,41
ELLE,78
DANIEL,73
ELLA❄️,78
THOR,60
BK,29
ROY,60
MILES,45
PATRICK,95
☃️,60
CROW,70
MILES,60
MILES,71
DANIEL,65
MILES,90
THOR,60
ZEN🎄,60
LUKE,100
MILES,60
PATRICK,65
ROHA,95
BK,65
LUKE,46
LUCA,65
MILES,60
DANIEL,100
ROMY,43
MILES,60
ALLAN,60
ELLA❄️,59
ELLE,100
WOODY,89
CHLOE,65
JARROD,60
GOLD,65
DEAN,60
JIA,43
MARVIN,60
PATRICK,65
ISLA,44
☃️,60
ED,60
TIANA,135
ROHA,58
VAN,43
ALLAN,83
ALLAN,65
VAN,56
JERRY,24
PATRICK,60
DEAN,65
ED,60
ALLAN,105
DEAN,26
BEN,80
CROW,53
GOLD,100
GLORIA,25
PHILIP,67
LUCA,41
WOODY,70
LUCA,105
ALLAN,41
RIVER,75
JED,65
ELLE,60
DEAN,94
JOY,43
DEAN,60
B⭐,48
DANIEL,60
ELLE,60
AEGON,60
ELLE,60
THOR,130
BK,39
🔔LUIS,24
DEAN,59
PATRICK,83
DANIEL,23
THEO,60
RINA,95
IVAN,24
IVAN,57
MILES,60
ALEX,44
THOR,100
ELLE,60
LUCA,42
ELLE,60
ELLE,60
CHLOE,35
JUSTIN,48
DEAN,65
MILES,89
CINDY,45
THOR,81
DEAN,43
MILES,60
LIAM,39
OCEAN,60
THOR,43
ELLA❄️,100
GOLD,95
PHILIP,95
THOR,100
MENNY,29
ELLE,45
DEAN,145
ROHA,86
IVAN,55
ALLAN,60
PATRICK,60
ELLE,60
BK,95
LUCA,70
CROW,70
IVAN,53
ALLAN,105
OLIVIA,56
RINA,70
DAVID,41
ALLAN,65
GLORIA,29
MILES,45
ALLAN,71
THOR,100
LUKE,71
ELLIE,35
MILES,60
ZUNE,60
ROY,60
LUKE,41
MEIIA,120
ROHA,100
PATRICK,50
ROMY,40
DEAN,100
IVAN,60
JOHN,48
JEFF,41
ROMY,31
ELLIE,26
ALLAN,100
LUKE,43
ROY,70
ROY,51
DANIEL,65
RINA,29
ZEN🎄,60
JUSTIN,120
THOR,60
BK,90
JUSTIN,33
ZUNE,60
DANIEL,60
WADE,65
ZEN🎄,65
NIKE,95
ROHA,60
ALEX,6
DEAN,90
PHILIP,60
ALLAN,26
BRICE,100
MEIIA,75
IVAN,60
CHLOE,100
PATRICK,92
JUSTIN,90
DEAN,31
FRNK,75
ROHA,60
TIANA,46
JEFF,62
ALLAN,60
WOODY,60
PATRICK,65
THOMAS,99
MILES,60
DERRI,50
IVAN,65
ROHA,60
ZEN🎄,65
JEFF,27
GOLD,39
ISLA,40
ROHA,41
ROHA,60
OCEAN,24
JEFF,82
DANIEL,46
CROW,58
BK,88
MILES,46
ELLE,90
ELLA❄️,59
ED,65
ZEN🎄,105
ED,60
PATRICK,60
CINDY,3
ZEN🎄,60
THOR,65
ELLA❄️,60
JUDY,48
BK,29
DEAN,64
GLORIA,60
IVAN,26
MILES,105
MILES,45
LUCA,40
ROHA,60
NIKE,70
LUCA,83
DANIEL,42
THEO,60
ROHA,41
ED,60
RIVER,63
CROW,72
JEFF,92
GREEN,7
GOLD,9
JUSTIN,60
IVAN,100
ALLAN,100
AEGON,24
LUKE,65
ALLAN,60
PATRICK,100
GREEN,46
OCEAN,70
LIAM,90
ALLAN,60
CHLOE,43
DANIEL,60
MILES,60
ROHA,45
LUKE,55
JARROD,60
BEN,60
IVAN,51
DEAN,60
ROHA,65
MILES,60
ED,45
ZEN🎄,100
SANG❄️HWA,40
MEIIA,95
CAISY,60
LUCA,22
DEAN,48
BEN,46
ALLAN,41
ELLE,100
ROHA,65
ROHA,60
THOR,46
LUCA,60
ROHA,60
JUSTIN,97
JEFF,65
IVAN,92
ELLE,60
LUKE,48
OCEAN,60
🔔LUIS,71
VAN,81
ALLAN,78
ZEN🎄,60
DEAN,51
ALLAN,60
DEAN,70
ROHA,58
ELLA❄️,43
ED,65
GOLD,78
DANIEL,90
MEIIA,95
THOR,60
LUKE,71
ED,100
ROHA,26
LUMI,100
ISLA,24
ISLA,46
BK,99
ALLAN,100
ZEN🎄,60
LUKE,70
DEAN,60
MARVIN,60
DANE,53
MILES,100
ISLA,60
JUSTIN,60
ZEN🎄,60
ALLAN,25
PATRICK,45
DEAN,78
GLORIA,21
DEAN,67
MILES,90
ZEN🎄,100
ZEN🎄,60
ROY,73
ROMY,92
JEFF,29
ALLAN,100
ELLE,60
THOR,60
DANIEL,130
ELLE,48
JEFF,62
LIAM,64
PHILIP,41
LUCA,41
BK,60
WENDY🎅,70
IVAN,95
LUCA,29
JOY,145
THOR,100
OCEAN,45
BK,31
JUSTIN,100
ROHA,60
DEAN,60
ELLA❄️,60
RINA,29
ZEN🎄,60
PHILIP,60
JUSTIN,71
ISLA,60
RINA,100
PATRICK,100
WENDY🎅,46
LUCAS,24
BRICE,60
DANIEL,59
ELLE,65
LIAM,60
BERNARD,100
THOR,95
LUCAS,43
JED,60
GLORIA,19
GLORIA,60
LIAM,89
IVAN,51
CROW,3
LUKE,45
ROMY,53
RINA,56
LIAM,90
DEAN,100
ZEN🎄,60
RINA,29
ZEN🎄,100
ALLAN,44
BRICE,60
OCEAN,41
DANIEL,119
ZEN🎄,60
SASHA,43
LUCA,95
ALLAN,45
DERRI,45
LUCA,60
LUCA,48
WOODY,82
DEAN,23
BRANDON,60
ED,60
PATRICK,60
LUCA,63
WADE,78
JUSTIN,70
ZEN🎄,100
ELLIE,46
ED,100
RINA,92
WADE,119
GOLD,100
THOR,100
CHLOE,60
MARVIN,60
JEFF,41
DANE,60
ISLA,85
LUCA,65
WADE,48
LUCA,77
DANIEL,70
JUSTIN,60
JUSTIN,45
ALLAN,60
ROHA,60
LUCA,60
JARROD,45
🔔LUIS,57
ROMY,31
LUCA,63
THEO,60
ZEN🎄,60
ROHA,60
JEFF,70
BEN,88
IVAN,27
CROW,6
JERRY,65
DANIEL,27
ZEN🎄,65
LIAM,57
AEGON,62
BK,26
ZEN🎄,100
ED,100
BK,39
BRANDON,60
GOLD,78
THOR,70
GREEN,75
ROHA,45
DANE,43
AEGON,60
WADE,60
DEAN,60
SASHA,50
DEAN,60
BEN,64
ROHA,60
ALLAN,60
THOR,41
ALLAN,30
MEIIA,59
ALLAN,60
WENDY🎅,67
ZEN🎄,100
WOODY,31
JEFF,22
ELLE,60
BRANDON,60
GOLD,60
LUCA,48
OCEAN,57
CROW,37
GOLD,60
OCEAN,60
JUSTIN,60
PATRICK,46
ROMY,21
JUSTIN,105
DEAN,100
SILO,56
PATRICK,70
PATRICK,60
ROHA,90
MEIIA,48
MILES,65
OCEAN,60
MEIIA,31
MILES,60
ED,60
CINDY,3
JOHN,48
ROHA,41
ALLAN,60
YENNY,96
ALLAN,43
DEAN,62
LUCA,60
JEFF,78
ZUNE,60
🔔LUIS,71
DANIEL,48
MARVIN,100
ROMY,43
PHILIP,60
ED,60
CAISY,60
ELLE,71
AEGON,41
ALLAN,100
JEFF,101
GLORIA,14
DEAN,60
OCEAN,60
LUKE,79
DANIEL,65
ELLE,31
NIKE,65
WOODY,53
CROW,9
PATRICK,45
MILES,70
JEFF,28
BK,100
MILES,60
ROHA,60
ZEN🎄,100
THOR,65
GREEN,31
LUCA,62
DEAN,78
DEAN,45
ROHA,45
OCEAN,90
THEO,53
THOR,100
IVAN,31
ALLAN,89
BEN,47
MEIIA,60
JUDY,100
MEIIA,125
☃️,105
OCEAN,9
IVAN,100
PHILIP,5
ELLE,26
DG,60
MILES,60
ROHA,85
ELLA❄️,64
MILES,90
ELLA❄️,65
ELLA❄️,65
DEAN,23
LUCA,54
LUCA,55
JARROD,60
DANIEL,119
OCEAN,60
PATRICK,60
ALLAN,75
DANIEL,65
VAN,60
AEGON,59
ZEN🎄,95
BEN,17
ZEN🎄,100
ZUNE,60
PATRICK,43
RO,78
ELRIC,65
MILES,65
DEAN,60
LUKE,41
ELLIE,82
ALLAN,60
JUSTIN,94
ROHA,60
GOLD,60
FRNK,60
RIVER,32
CHLOE,100
VAN,26
ED,60
IVAN,67
ROHA,60
JUSTIN,41
CROW,53
ZEN🎄,86
JEFF,43
JUSTIN,65
ALLAN,60
LUMI,60
DEAN,71
PATRICK,60
SANG❄️HWA,42
MARVIN,65
JUSTIN,83
ED,60
PATRICK,60
THOR,60
DANIEL,8
MILES,65
ZEN🎄,65
WOODY,48
ZEN🎄,100
CHLOE,60
DANIEL,33
JERRY,30
ZEN🎄,60
DG,26
CINDY,73
GREEN,61
SANG❄️HWA,53
ROHA,52
ELRIC,60
DEAN,65
JUSTIN,70
MEIIA,70
PATRICK,100
ROY,35
MILES,90
🔔LUIS,60
JOHN,28
ELLIE,69
CROW,31
PHILIP,60
RINA,31
MILES,70
LUCA,45
DEAN,39
ROY,48
HAZEL,21
LUCA,48
MILES,65
ISLA,41
JUSTIN,85
CROW,80
ROHA,22
BEN,45
ROHA,22
PATRICK,45
WADE,60
🔔LUIS,48
WOODY,60
ZUNE,33
ELLA❄️,119
PHILIP,100
JUSTIN,75
DEAN,60
LUCA,70
ELLA❄️,65
DANIEL,43
ALLAN,60
JUSTIN,100
LUKE,52
ALLAN,23
ZUNE,65
DEAN,53
OCEAN,40
AEGON,27
GOLD,65
ALLAN,60
MEIIA,48
IVAN,69
OCEAN,100
CROW,75
MILES,30
SASHA,43
ZEN🎄,105
ALLAN,20
PATRICK,65
PATRICK,48
MARVIN,60
LUCA,70
THOR,60
ROHA,45
IVAN,8
IVAN,64
OCEAN,60
CINDY,3
THOR,60
CROW,28
WOODY,62
LUCA,100
PATRICK,95
THOR,100
LUCA,56
DEAN,60
LUMI,11
ROHA,60
IVAN,48
IVAN,92
YENNY,3
DEAN,72
MILES,60
ELRIC,59
ALLAN,60
THOR,60
PHILIP,60
LUMI,81
RINA,43
ALLAN,94
ELLE,59
MILES,60
ELLE,90
LUCAS,60
THOR,103
CROW,42
ELLE,60
THOR,95
LUCAS,41
ZEN🎄,60
MEIIA,70
JUSTIN,45
JEFF,88
LUKE,65
ROHA,28
JEFF,65
ELLA❄️,43
IVAN,35
MAX,90
CINDY,38
LIAM,60
DAVID,45
PATRICK,60
DEAN,100
MILES,45
DG,105
THEO,65
ZEN🎄,60
OCEAN,60
ZEN🎄,25
RINA,62
MILES,60
JARROD,60
JEFF,6
RO,29
NIKE,100
ALLAN,60
DG,60
WADE,43
ALLAN,41
LUKE,100
MILES,60
JARROD,60
ZEN🎄,100
LUCA,73
JEFF,54
CINDY,48
DEAN,41
LUCA,100
WADE,95
IVAN,51
☃️,90
THEO,60
SASHA,65
PATRICK,100
☃️,60
DEAN,9
ED,65
GREEN,90
ROHA,82
WADE,55
ELLA❄️,60
ED,60
MILES,48
ELLE,60
DEAN,69
ALLAN,46
THOR,43
ZEN🎄,60
JARROD,60
ALLAN,77
DEAN,60
THOR,26
WOODY,45
LIAM,76
BEN,26
LUCAS,46
JEFF,52
CROW,95
CROW,35
ALLAN,65
RINA,90
CROW,25
ED,60
LUMI,100
MILES,60
ZEN🎄,45
JOY,60
DEAN,60
MILES,70
DEAN,6
JUSTIN,90
DEAN,3
PATRICK,50
PATRICK,43
JEFF,38
WADE,60
DERRI,87
ALLAN,60
ROMY,43
MILES,31
GREEN,52
DANIEL,41
ISLA,51
GLORIA,37
MILES,60
ED,41
PATRICK,60
TIANA,29
ROHA,100
DEAN,78
RINA,48
BRICE,28
BRANDON,85
PATRICK,45
MILES,60
TIANA,48
ALLAN,60
MEIIA,95
PHILIP,65
JUSTIN,60
WADE,67
BRICE,33
ED,60
JARROD,100
PATRICK,60
ALLAN,65
LUCA,50
ZEN🎄,60
LUCA,78
DANE,9
LUKE,60
GOLD,73
JUSTIN,43
ED,45
PHILIP,41
ALLAN,60
MILES,65
ED,45
SANG❄️HWA,43
GREEN,60
ELLE,60
LUCA,24
ALLAN,45
ALLAN,60
DANIEL,33
ROHA,60
WOODY,50
LIAM,9
DERRI,43
GOLD,26
CROW,95
ROMY,43
ROHA,22
BK,27
ELLE,100
PHILIP,130
JUSTIN,41
ELLE,40
GREEN,25
ZEN🎄,60
ROY,40
JERRY,125
JUSTIN,60
CROW,110
DEAN,31
GOLD,78
ELLA❄️,60
DAVID,100
PATRICK,43
ZEN🎄,60
DANE,45
ELLA❄️,24
ALLAN,60
DANIEL,42
JUSTIN,73
ZEN🎄,60
WENDY🎅,64
THOR,100
PATRICK,85
ROHA,43
GOLD,60
WADE,48
JEFF,65
ALLAN,65
RINA,54
WOODY,28
DG,40
JUSTIN,26
ALLAN,65
ROHA,9
CROW,65
BK,28
WADE,35
ALLAN,45
MEIIA,31
LUCAS,100
ED,65
ALLAN,65
JUSTIN,110
DEAN,20
ED,100
ROMY,26
NIKE,60
JARROD,60
ZEN🎄,60
ALLAN,59
CROW,75
LUKE,25
DEAN,78
LUCA,51
SANG❄️HWA,28
ROY,26
ED,52
GLORIA,46
MILES,60
ELLIE,23
AEGON,65
RINA,73
GOLD,40
THEO,60
LUCAS,105
LUKE,36
LUKE,48
MARVIN,100
CAISY,45
PATRICK,45
RIVER,73
ZEN🎄,60
ALLAN,60
WENDY🎅,73
ZUNE,65
PATRICK,60
ALLAN,60
ZEN🎄,60
ZEN🎄,83
CROW,48
DEAN,60
ZUNE,41
DEAN,9
PHILIP,60
DEAN,24
DEAN,119
CROW,42
MILES,60
ROHA,65
RINA,52
DERRI,70
PATRICK,65
VAN,40
JEFF,48
ZEN🎄,60
DERRI,100
JUSTIN,65
LUMI,43
IVAN,43
JED,22
NIKE,60
ELLE,78
LUKE,22
IVAN,45
Z,46
LUKE,41
SANG❄️HWA,56
ROHA,43
RINA,41
☃️,60
PATRICK,90
OLIVIA,23
JUDY,46
NIKE,60
PATRICK,65
RO,45
EDAN,45
DERRICK,29
SANG❄️HWA,103
PHILIP,69
ROMY,90
PATRICK,60
ALLAN,64
GLORIA,23
ELLA❄️,62
ELRIC,125
LUCA,59
WADE,31
ALLAN,41
MILES,60
BK,60
PATRICK,52
ROHA,80
ALLAN,46
PHILIP,41
ROHA,41
SANG❄️HWA,48
NONAN,43
WADE,43
DEAN,45
JUSTIN,53
MILES,95
DG,60
THOR,60
MARVIN,125
THOR,60
ZEN🎄,60
MEIIA,135
PATRICK,60
ROHA,55
ROMY,51
ALLAN,100
ELLE,58
WADE,34
SANG❄️HWA,55
LUKE,90
ISLA,18
LUCA,78
DERRI,76
DEAN,60
LUKE,60
BK,53
JUSTIN,43
ALLAN,26
ISLA,60
ZUNE,23
MARVIN,100
ROY,48
ROHA,140
THOR,100
MEIIA,60
THOMAS,65
PHILIP,60
MAX,60
BK,51
PATRICK,90
GLORIA,54
ELLE,56
LUKE,40
MEIIA,60
ELLE,60
DEAN,65
ELLE,60
ROHA,45
YENNY,72
PATRICK,100
BRICE,26
LUCA,30
LUCA,48
MEIIA,60
LIAM,12
ALLAN,125
ALLAN,41
BK,117
ROHA,48
JEFF,71
DEAN,100
OCEAN,65
BEN,78
ED,60
JEFF,78
BEN,100
PHILIP,60
LUCAS,43
MILES,60
MEIIA,47
ELRIC,60
CHLOE,78
ROHA,60
DERRICK,18
JUSTIN,100
ROMY,69
DEAN,65
AEGON,100
THOMAS,73
JUSTIN,60
ELLA❄️,43
RO,76
WADE,120
PATRICK,65
ALLAN,60
DEAN,60
ZEN🎄,83
IVAN,79
DEAN,60
SANG❄️HWA,37
ALLAN,40
JERRY,51
GLORIA,53
THOR,60
MILES,125
ELLE,60
RO,28
RINA,26
EDAN,89
☃️,95
ELLE,50
ZEN🎄,60
JOY,125
CROW,47
GREEN,23
GLORIA,26
LUCA,58
ROY,46
WENDY🎅,107
MILES,100
ZEN🎄,60
ELLE,87
DEAN,65
PHILIP,125
LUCA,69
ISLA,64
LUCA,60
ZUNE,52
B⭐,58
JEFF,78
CROW,94
ZUNE,82
ELLE,45
ELLE,39
LUCA,57
ALLAN,20
MILES,60
LUKE,60
JEFF,43
LUKE,60
ALLAN,100
DEAN,60
JUSTIN,60
ZEN🎄,60
ZEN🎄,100
LUKE,85
PATRICK,95
OCEAN,60
ELLE,65
ELLA❄️,65
RINA,90
GOLD,43
LUKE,60
CROW,10
MARVIN,3
ROMY,43
ZEN🎄,60
ELLA❄️,65
WYNN,29
THOR,60
PATRICK,26
THOR,48
JUSTIN,60
CROW,31
THOR,60
🔔LUIS,60
ROHA,60
AEGON,70
ED,90
JUSTIN,60
BRANDON,65
ERIC,78
MEIIA,31
ROHA,60
BK,94
JEFF,64
BEN,90
ALLAN,45
PATRICK,60
ROY,58
ALLAN,105
ALLAN,48
PATRICK,95
LUKE,45
DANIEL,9
DEAN,45
LUCA,60
ISLA,65
ALLAN,29
DANIEL,135
GOLD,24
ISLA,65
NIKE,130
ED,60
LUKE,46
THOR,60
ED,100
ALLAN,78
JUSTIN,60
RO,59
PATRICK,45
JEFF,100
LIAM,73
ZEN🎄,60
IVAN,82
ELLE,100
ALLAN,105
GLORIA,23
IVAN,70
ZUNE,60
DEAN,45
LUCA,70
PHILIP,60
CHLOE,60
CROW,70
ROY,74
BK,42
DEAN,60
CHLOE,60
WENDY🎅,35
JEFF,22
DEAN,60
MILES,65
IVAN,65
ALLAN,65
DANIEL,60
ROHA,57
JARROD,60
PATRICK,57
ROHA,81
ROHA,50
ZEN🎄,65
LIAM,28
GREEN,100
ROHA,43
PATRICK,60
BEN,47
JEFF,9
ZEN🎄,60
LUKE,41
ED,100
JEFF,53
BRANDON,65
ED,60
ZEN🎄,60
MILES,81
JEFF,101
CROW,71
ELLE,60
MILES,60
ALLAN,60
DEAN,53
GLORIA,15
JEFF,46
MILES,70
WOODY,60
ROMY,62
BK,43
MEIIA,100
BRICE,95
LUMI,46
MARVIN,60
GOLD,60
RO,53
PATRICK,90
DEAN,60
ED,100
DEAN,43
MILES,60
DEAN,65
LUCAS,43
ROHA,46
ED,60
ROHA,41
ED,60
ELLE,60
THOR,57
MEIIA,70
BRICE,70
ROY,3
LUCA,70
ROHA,60
ELLE,60
JUSTIN,65
RINA,57
ROHA,60
ROHA,46
DEAN,34
ALLAN,105
ZEN🎄,60
ALLAN,60
LUCA,30
B⭐,43
RINA,48
JUSTIN,42
GOLD,29
ELRIC,31
ALLAN,60
CROW,39
PHILIP,100
ELLE,60
DEAN,100
ZEN🎄,100
ELLIE,94
MILES,26
IVAN,125
LIAM,31
ROHA,70
AEGON,46
WADE,60
ROHA,60
MARVIN,100
MILES,41
OCEAN,65
IVAN,62
ELLE,60
ELLA❄️,56
GOLD,62
VAN,46
ALLAN,60
ROHA,41
ALLAN,81
ROHA,41
OCEAN,60
ALLAN,65
BERNARD,26
DEAN,60
JEFF,53
ZEN🎄,65
JUSTIN,43
LUKE,60
DANIEL,100
ROHA,60
SANG❄️HWA,45
ROHA,70
DEAN,125
BEN,60
B⭐,71
PHILIP,60
MARVIN,42
DANE,60
JOY,125
JUSTIN,100
DEAN,26
ALLAN,60
THEO,45
CROW,35
LIAM,45
ZEN🎄,100
GOLD,67
ELLE,20
LUCA,65
LIAM,25
JEFF,42
VAN,60
DEAN,60
ZUNE,60
GLORIA,3
GREEN,89
PATRICK,60
DEAN,56
ROHA,81
ISLA,78
DANIEL,76
ED,60
JUSTIN,99
BK,53
LUMI,60
WENDY🎅,24
ALLAN,53
ALLAN,41
LUKE,50
GOLD,26
JUSTIN,65
OCEAN,41
ALLAN,28
BK,48
MILES,53
DANIEL,60
ELLE,26
DEAN,95
JUSTIN,43
BK,48
ELRIC,70
JERRY,65
ROMY,43
BK,65
ROHA,26
MAX,70
DANE,47
WADE,60
IVAN,67
ALLAN,41
JARROD,31
PATRICK,37
WOODY,73
JARROD,43
LUMI,80
OLIVIA,19
JUSTIN,22
ZEN🎄,60
MILES,60
WADE,43
MILES,100
ELLIE,29
BEN,100
ELLE,60
GREEN,60
MEIIA,105
DERRI,105
ALLAN,26
MARVIN,150
RIVER,26
DEAN,24
ED,60
OCEAN,60
LUKE,65
MILES,60
PATRICK,45
PATRICK,60
DEAN,22
DEAN,78
MILES,46
SASHA,59
CAISY,105
WADE,90
ELLE,60
CAISY,55
NIKE,41
PHILIP,83
ELLIE,64
🔔LUIS,60
ZEN🎄,60
MILES,60
ALLAN,65
DEAN,42
ELLA❄️,103
DEAN,60
THOMAS,53
ZEN🎄,100
TIANA,54
ED,60
DANE,100
DERRI,60
MILES,73
JOHN,43
TIANA,9
MILES,50
ELLE,100
RINA,75
SANG❄️HWA,67
LUCA,60
ISLA,81
ROY,12
BK,94
JUSTIN,60
THOR,121
CHLOE,26
LUCAS,65
JUSTIN,65
ZEN🎄,60
ALLAN,60
SILO,63
ED,60
NIKE,105
ELLA❄️,60
ELLE,90
JUSTIN,52
DANIEL,46
ALLAN,78
ERIC,52
ROHA,45
LUCA,59
BEN,59
JUSTIN,50
CROW,73
DANIEL,76
HAZEL,83
JEFF,29
MILES,45
GREEN,26
THOR,60
DEAN,65
ALLAN,60
IVAN,75
ALLAN,90
MARVIN,43
LUCA,26
WOODY,67
LUCA,20
NIKE,140
OLIVIA,9
BK,75
ALLAN,24
OLIVIA,44
MILES,100
MILES,100
ISLA,60
DEAN,50
DG,40
MARVIN,23
RO,23
ZEN🎄,60
DANIEL,60
DEAN,60
PATRICK,95
LUKE,59
JUSTIN,100
ROY,60
JUSTIN,65
JUSTIN,81
DEAN,60
CHLOE,90
GLORIA,51
IVAN,70
GLORIA,59
LUCA,94
JUSTIN,65
JUSTIN,83
PATRICK,60
GOLD,75
ELLA❄️,53
SANG❄️HWA,25
THOR,65
ROMY,26
PATRICK,45
WADE,95
ALLAN,90
ROHA,54
ZEN🎄,60
ALLAN,60
JERRY,64
ELLIE,21
OLIVIA,65
JUSTIN,80
DEAN,35
JARROD,60
JUSTIN,60
CINDY,29
CROW,100
BK,29
LUCA,18
ZEN🎄,60
NIKE,100
MARVIN,9
THOR,105
LUMI,62
ZEN🎄,60
ALLAN,43
SCOTT,64
SCOTT,60
NIKE,60
MILES,60
DANIEL,83
LUCA,69
ED,60
DANIEL,65
CROW,48
THOR,105
THOR,51
ELLA❄️,26
LUCA,29
THOR,83
TIANA,65
PATRICK,65
LUKE,60
DEAN,20
SCOTT,60
RINA,71
MILES,65
DEAN,45
RINA,32
ED,48
JEFF,55
PATRICK,45
PATRICK,82
PHILIP,60
ALLAN,60
ZEN🎄,100
JOHN,43
BK,53
MARVIN,60
ELLE,65
MILES,41
ELLE,3
TIANA,54
CROW,56
LUCA,53
JUSTIN,94
THOR,60
ELLA❄️,60
MARVIN,60
ELLIE,32
PATRICK,60
LIAM,70
JEFF,28
MEIIA,76
BRICE,105
MARVIN,150
JUSTIN,41
ELLA❄️,65
WADE,40
ALLAN,60
THOR,60
LUKE,60
MEIIA,70
LUCA,90
ELLE,43
JUSTIN,75
ALLAN,60
THEO,90
ED,65
LUKE,45
ELLE,65
WENDY🎅,46
MILES,45
JUSTIN,100
SANG❄️HWA,53
CROW,37
MILES,100
ROHA,135
DANIEL,53
GLORIA,7
ELLIE,45
JEFF,68
ZEN🎄,65
DG,60
ALLAN,65
ZUNE,45
CINDY,9
ELLE,60
CHLOE,45
DANIEL,70
WOODY,47
ELRIC,6
RINA,103
ALLAN,100
MILES,75
LUCA,30
BRICE,70
DANIEL,60
MILES,60
JARROD,60
ROMY,29
SANG❄️HWA,59
ELLA❄️,47
IVAN,9
DEAN,45
B⭐,55
DANIEL,43
ROHA,60
JERRY,102
PATRICK,60
DERRI,43
VAN,54
SILO,90
JEFF,54
MAX,43
ED,99
MILES,100
ED,43
BEN,48
MILES,46
RO,45
MILES,57
LUKE,60
ZEN🎄,45
HAZEL,9
ED,60
ELLE,60
ED,100
ISLA,38
BRANDON,60
JUSTIN,65
MILES,71
SCOTT,100
DEAN,60
GOLD,64
ELRIC,105
DEAN,100
ZEN🎄,60
MILES,120
JUSTIN,60
ROHA,60
DEAN,90
RO,78
ZEN🎄,60
JUSTIN,60
ELLIE,43
ROY,110
ZEN🎄,60
WADE,12
OLIVIA,9
ELLA❄️,64
NONAN,43
ED,60
DEAN,55
ROY,43
BK,42
WOODY,125
LUKE,55
PHILIP,60
ROHA,45
JAY,9
JEFF,19
JUSTIN,60
AEGON,65
ROHA,60
JEFF,48
DEAN,60
DEAN,60
CROW,75
JUSTIN,60
ELLIE,95
PHILIP,41
ALLAN,60
BEN,50
ZEN🎄,100
MILES,45
GOLD,31
JIA,45
GREEN,48
CROW,15
ZEN🎄,60
DAVID,59
MARVIN,100
JUSTIN,65
ED,100
NIKE,100
THEO,43
LUCA,48
LUKE,63
ROMY,54
LUMI,33
ELLE,70
AEGON,43
DEAN,90
WADE,48
CROW,45
ELLE,41
ELLE,60
ELLE,90
IVAN,43
DANE,60
MARVIN,150
LUKE,46
OLIVIA,54
🔔LUIS,76
ROHA,100
MILES,90
ZEN🎄,60
CROW,65
LUKE,60
ROHA,45
RINA,41
AEGON,60
ZUNE,17
AEGON,60
MARVIN,16
ALLAN,72
THOR,100
ELLE,65
JUSTIN,48
DEAN,26
ALLAN,60
ALLAN,31
RINA,56
ELLE,48
MILES,65
JOY,69
DEAN,60
RIVER,40
OLIVIA,83
MILES,60
JARROD,65
CINDY,47
🔔LUIS,100
MILES,60
GREEN,62
DANIEL,90
THOR,60
LUCA,75
MILES,60
MILES,48
☃️,95
DANIEL,48
ROHA,65
GREEN,60
PATRICK,60
LUKE,61
ELLA❄️,105
FRNK,49
CINDY,9
ROHA,60
LUCA,46
LUCAS,100
ALLAN,103
JOHN,30
ROHA,60
MILES,68
ROHA,81
IVAN,70
DEAN,60
SASHA,60
GREEN,125
RO,57
ALLAN,59
DERRI,25
ZEN🎄,60
THOR,41
ZEN🎄,41
DANE,41
PATRICK,60
AEGON,60
MILES,65
WADE,43
WADE,11
TIANA,45
BK,80
JEFF,9
WADE,95
IVAN,60
DEAN,60
WENDY🎅,11
JUSTIN,41
OCEAN,65
PHILIP,43
CROW,75
JUDY,28
JEFF,41
🔔LUIS,45
ELLE,65
ROHA,78
THOR,56
TIANA,17
ED,70
PATRICK,60
ZUNE,27
LUCA,71
THEO,9
MILES,25
DANIEL,23
LUCAS,90
ZEN🎄,95
GREEN,43
B⭐,52
ALLAN,95
ELLE,60
MARVIN,41
THOR,41
CROW,73
LUCA,87
DEAN,59
JEFF,110
JARROD,68
☃️,6
RINA,45
ALLAN,60
PHILIP,125
WOODY,31
SANG❄️HWA,69
IVAN,92
LUCA,59
LIAM,45
BEN,65
DG,9
JUSTIN,70
GOLD,43
ELLE,43
LUKE,45
GLORIA,54
ALLAN,60
JEFF,60
JOHN,56
MILES,65
JUSTIN,85
JERRY,60
JUSTIN,41
ZEN🎄,51
ROHA,49
ALLAN,60
DANIEL,59
LUKE,15
CHLOE,43
LUCA,119
ZUNE,48
IVAN,70
THEO,60
PATRICK,78
MILES,65
MEIIA,69
ROHA,41
JOHN,37
DANIEL,6
MILES,100
DEAN,43
JERRY,46
SANG❄️HWA,73
RIVER,40
DG,23
ALLAN,90
ZEN🎄,60
ELLE,70
CROW,26
DANIEL,48
DAVID,26
BK,102
ZEN🎄,70
LUKE,81
LUKE,50
LUKE,38
ELLA❄️,100
ELLE,60
ROHA,45
GREEN,55
RINA,82
THOMAS,46
IVAN,31
GREEN,73
BK,76
ELRIC,60
THOR,60
PHILIP,45
JEFF,45
B⭐,3
DEAN,60
JUSTIN,65
JOY,78
LUCAS,44
ROMY,43
LUKE,29
JEFF,51
RINA,28
NIKE,60
ROMY,59
ZEN🎄,100
DEAN,60
GLORIA,45
OCEAN,60
JUSTIN,48
SANG❄️HWA,48
ZEN🎄,60
🔔LUIS,60
YENNY,17
☃️,48
ROHA,51
JEFF,53
MILES,60
ELLE,43
OLIVIA,53
WADE,63
ELLE,65
ALLAN,60
ALLAN,60
B⭐,40
LUMI,31
AEGON,57
ALLAN,40
BEN,75
DEAN,60
DEAN,51
ELLE,87
MILES,65
JOHN,48
ELLA❄️,75
RINA,5
WENDY🎅,25
DEAN,60
ZEN🎄,60
MILES,70
ISLA,100
ROHA,48
CROW,64
PATRICK,83
ROHA,46
FRNK,60
CHLOE,90
BK,45
GREEN,46
AEGON,60
ISLA,54
JERRY,70
WADE,57
PHILIP,26
PATRICK,60
ROMY,42
WADE,33
ALLAN,70
MARVIN,75
MEIIA,65
ELLE,48
WADE,60
EDEN🎅🎅,15
ZEN🎄,60
ROHA,24
PATRICK,55
DEAN,60
JUSTIN,100
SASHA,60
JEFF,38
ROHA,50
PATRICK,28
ROHA,60
MARVIN,60
MILES,56
DEAN,43
PATRICK,55
WADE,60
ROHA,45
JEFF,95
GREEN,74
PATRICK,65
MILES,60
ALLAN,41
DANIEL,60
MILES,60
ALLAN,60
DEAN,56
RO,100
MEIIA,31
CHLOE,90
THOR,90
LUCA,73
PATRICK,90
ROHA,60
THOMAS,78
NIKE,60
ROY,70
JARROD,43
DEAN,45
MEIIA,150
WADE,105
JARROD,60
BEN,65
GREEN,57
ROHA,60
ROMY,61
JEFF,46
GREEN,41
JUSTIN,60
IVAN,67
MILES,60
BRICE,60
ROHA,60
JUSTIN,100
DEAN,59
OCEAN,64
MILES,65
THEO,60
DEAN,60
JEFF,92
PATRICK,45
ALLAN,65
JIA,75
RO,65
ZEN🎄,100
DANIEL,120
SCOTT,60
MARVIN,60
OCEAN,9
WOODY,75
LUKE,54
NIKE,100
NIKE,60
MARVIN,60
ZEN🎄,90
PHILIP,60
RINA,70
PHILIP,60
ZUNE,45
ROHA,41
BEN,59
LUKE,60
JUSTIN,65
ALLAN,100
IVAN,31
DAVID,58
ZEN🎄,100
ROHA,15
JASMINE,71
MILES,100
RINA,57
JERRY,43
DEAN,9
ZEN🎄,73
JUSTIN,100
MEIIA,60
ROHA,11
MARVIN,65
LUKE,46
JARROD,60
JOHN,45
CROW,48
CROW,94
GLORIA,51
DANIEL,73
ROHA,41
ED,55
ROHA,29
DANIEL,70
ROHA,65
ALLAN,60
DEAN,60
BK,69
IVAN,53
JUSTIN,60
ROHA,70
THEO,41
ALLAN,60
ALLAN,60
NIKE,60
ISLA,65
JUSTIN,46
☃️,48
SCOTT,45
MILES,100
ALLAN,65
JUSTIN,46
MARVIN,60
JUSTIN,43
ED,60
ALLAN,15
DEAN,25
AEGON,22
WADE,60
JUDY,48
LUKE,31
DEAN,63
LUKE,33
SILO,77
ALLAN,60
BK,95
GOLD,6
JEFF,69
CROW,42
PHILIP,60
MARVIN,100
SANG❄️HWA,59
PATRICK,41
CROW,60
ALLAN,60
LUCA,90
AEGON,37
MARVIN,100
DANIEL,60
BEN,129
ROHA,60
LUCA,50
DEAN,56
LIAM,47
LUCA,60
LUMI,100
LUCA,60
PATRICK,60
NIKE,60
PATRICK,60
BK,76
ZUNE,45
ELLE,73
DANIEL,41
ZEN🎄,65
ZEN🎄,100
MILES,135
ROHA,41
☃️,45
LUKE,60
DEAN,60
DANIEL,60
ELLE,60
MARVIN,100
EDAN,55
NIKE,65
WYNN,90
ALLAN,89
JOY,60
CHLOE,65
ELLE,60
JOHN,45
ELLE,65
ROHA,129
DERRI,60
DEAN,60
ROMY,43
DANIEL,60
ROHA,101
RINA,45
B⭐,100
ROHA,60
PATRICK,60
LUCAS,78
PATRICK,59
DEAN,51
🔔LUIS,89
JUDY,76
LUKE,41
CROW,31
ALLAN,60
HAZEL,135
RINA,9
☃️,65
JEFF,98
OCEAN,53
DEAN,53
LUKE,41
CROW,52
ELLE,60
ALLAN,60
JARROD,60
EDEN🎅🎅,8
DEAN,30
LUKE,45
IVAN,76
CINDY,78
ALLAN,45
DEAN,60
RO,80
PATRICK,47
GREEN,95
ROHA,92
ZEN🎄,60
YENNY,57
JUSTIN,90
ROHA,60
DEAN,41
OCEAN,60
RO,42
SANG❄️HWA,53
LUKE,3
LUKE,41
ELLA❄️,65
LUCA,60
JUSTIN,60
BEN,27
THOR,60
MILES,65
PATRICK,145
JOY,65
ELLE,100
WOODY,100
MAX,90
MILES,60
THOR,60
CROW,73
JOY,60
CINDY,100
ZUNE,57
ZEN🎄,51
LUCA,48
IVAN,70
ALLAN,125
LUMI,64
ROHA,81
THOR,52
THOR,60
ROHA,100
ISLA,5
CHLOE,60
MILES,45
BK,45
RINA,95
DANIEL,65
PATRICK,31
BEN,52
ZEN🎄,60
THOR,57
BRICE,60
ROMY,56
CROW,78
TIANA,90
ALLAN,60
GOLD,60
DAVID,42
DEAN,65
ZEN🎄,100
SANG❄️HWA,95
ZEN🎄,65
AEGON,60
VAN,12
RINA,60
WADE,43
JUSTIN,62
LUCAS,65
ROHA,60
ED,60
DEAN,60
THOR,60
DANIEL,48
JEFF,60
SCOTT,65
DANE,60
BRICE,40
ALLAN,90
MILES,65
JEFF,59
ZEN🎄,105
ELLIE,25
RO,60
LUCAS,95
ELLE,95
PHILIP,103
LIAM,100
WENDY🎅,56
JOHN,70
LUKE,76
ROHA,41
ELLIE,52
DAVID,48
ZEN🎄,60
PATRICK,45
ROHA,60
GLORIA,37
JARROD,60
ALLAN,60
PATRICK,64
JUSTIN,28
ED,60
ELLIE,63
ALLAN,90
IVAN,127
JEFF,22
BK,100
JIA,53
PATRICK,81
BEN,25
ALLAN,60
MILES,60
BK,25
ELLA❄️,65
NIKE,100
RO,64
SANG❄️HWA,89
JUSTIN,65
ZEN🎄,60
OCEAN,60
PATRICK,100
DEAN,60
DEAN,59
PATRICK,28
ZEN🎄,60
JEFF,75
JUSTIN,49
ROMY,56
AEGON,61
MARVIN,60
MILES,60
IVAN,71
ZEN🎄,60
LUKE,60
BEN,47
LUKE,31
LIAM,57
LUKE,26
MILES,65
ELLE,65
ZEN🎄,100
JARROD,60
DEAN,30
DEAN,65
ZEN🎄,60
ROHA,41
ED,60
ROHA,52
RINA,57
PATRICK,65
NIKE,60
MILES,100
PHILIP,100
ROHA,46
ZEN🎄,65
CINDY,26
PATRICK,60
MILES,45
DEAN,60
WADE,60
ZEN🎄,90
JARROD,60
DAVID,105
JARROD,41
PATRICK,65
JOHN,50
JED,22
ZEN🎄,60
BK,9
🔔LUIS,48
PHILIP,65
DEAN,90
CROW,74
LUKE,60
ROMY,24
ALLAN,13
AEGON,65
PHILIP,95
LUKE,60
CROW,53
DEAN,90
ISLA,3
ELLE,60
ELRIC,38
NIKE,60
THOR,90
ISLA,70
RIVER,94
ELRIC,60
DANIEL,73
MILES,70
WADE,25
GREEN,85
DEAN,47
PHILIP,60
PATRICK,45
LIAM,91
ROHA,60
LUCA,30
ED,60
🔔LUIS,9
ALLAN,100
DEAN,65
LUKE,60
DEAN,65
ZEN🎄,100
DEAN,41
LUMI,65
THOR,60
THOR,95
PATRICK,60
MILES,92
VAN,22
GOLD,99
BEN,26
JEFF,58
ALLAN,50
JUSTIN,43
JARROD,26
ZEN🎄,60
LUCA,70
IVAN,90
RIVER,30
SCOTT,54
GOLD,43
ALLAN,24
JUSTIN,43
JEFF,70
LUKE,43
DANIEL,60
CAISY,60
JEFF,78
CROW,26
DEAN,60
ELLA❄️,60
BK,26
MEIIA,70
WADE,60
MEIIA,78
OCEAN,64
PHILIP,70
ROHA,65
MARVIN,140
MARVIN,60
RO,100
THOR,105
PATRICK,50
ELLA❄️,90
ROHA,60
DANIEL,34
MARVIN,150
BEN,50
DANIEL,43
THEO,43
ALLAN,60
JARROD,60
MAX,65
IVAN,48
ED,60
IVAN,44
VAN,9
BK,60
ZEN🎄,60
ELRIC,41
CHLOE,9
GLORIA,23
ROHA,60
ELRIC,110
JUSTIN,48
CINDY,43
DANIEL,60
RINA,48
THOMAS,41
MEIIA,95
ELLA❄️,42
JUSTIN,60
LUCA,60
DEAN,9
JUSTIN,29
ALLAN,76
DERRICK,5
JOHN,7
B⭐,60
LUCA,105
IVAN,70
GOLD,33
MILES,65
WENDY🎅,75
BEN,71
WADE,42
DANIEL,43
JERRY,40
OCEAN,60
ELLE,60
HAZEL,9
GOLD,51
JEFF,57
IVAN,53
MILES,53
ELLE,60
MILES,60
AEGON,60
LIAM,26
B⭐,40
IVAN,70
JUSTIN,65
ROHA,31
JUSTIN,120
DANIEL,41
TIANA,44
RO,45
JUSTIN,90
ZUNE,3
ROHA,50
JEFF,39
MILES,60
IVAN,70
SASHA,52
DEAN,39
DANIEL,65
☃️,40
ZEN🎄,6
DEAN,56
ALLAN,60
MILES,60
ELLE,60
JEFF,46
ROMY,26
IVAN,48
THOR,60
ZUNE,65
MARVIN,100
JOY,48
GREEN,89
IVAN,46
ZEN🎄,60
PHILIP,100
BK,76
IVAN,53
JUSTIN,95
MILES,62
ROY,60
SCOTT,60
ZEN🎄,100
DEAN,60
ROHA,60
BK,60
YENNY,30
LUCA,120
CHLOE,60
THOR,41
IVAN,29
MARVIN,60
GOLD,100
LUCA,26
DEAN,39
MILES,60
DANIEL,60
ZEN🎄,60
PATRICK,41
ROHA,60
CINDY,23
Z,47
PATRICK,65
TIANA,45
RIVER,30
MILES,90
DAVID,60
ALLAN,65
ISLA,83
MILES,60
PHILIP,70
ROHA,99
DEAN,29
ISLA,60
LUCA,40
ALLAN,65
ERIC,29
JARROD,43
CHLOE,31
MEIIA,95
OCEAN,60
MILES,60
ROHA,36
DEAN,80
JASMINE,48
CHLOE,60
GOLD,78
ZUNE,60
LUKE,65
LUCA,73
THOR,56
NIKE,60
ZEN🎄,60
PATRICK,60
ISLA,22
BK,62
VAN,80
ALLAN,60
WADE,43
ZEN🎄,100
PHILIP,60
JUSTIN,60
ROHA,60
GOLD,54
JEFF,15
CHLOE,60
THOR,60
ZEN🎄,100
IVAN,68
THOR,95
DEAN,60
HAZEL,65
JED,92
JIA,103
DANIEL,60
ROHA,45
ZEN🎄,100
LUKE,105
PATRICK,41
BRICE,60
THOR,60
DEAN,65
DAVID,3
ELLE,100
NIKE,100
DANE,60
OCEAN,39
ZEN🎄,100
BEN,90
RINA,67
DEAN,45
PATRICK,78
ROHA,52
LUCAS,45
PATRICK,65
WENDY🎅,29
JARROD,60
LUCAS,45
LUCA,45
DEAN,37
RIVER,26
ED,100
JARROD,35
ED,60
MILES,67
ELLE,65
LUCA,31
AEGON,41
ROHA,65
ZEN🎄,100
PHILIP,41
DEAN,85
LUKE,28
ED,45
JEFF,45
ISLA,60
DEAN,19
DEAN,52
JEFF,45
🔔LUIS,100
IVAN,48
LUCA,55
BK,100
NIKE,43
GLORIA,63
LUCAS,95
ZEN🎄,83
CHLOE,37
ELLA❄️,60
BK,60
DEAN,65
DEAN,65
DEAN,100
DERRICK,60
ZEN🎄,60
GLORIA,43
🔔LUIS,60
ISLA,120
ZUNE,4
🔔LUIS,41
ELLE,26
LIAM,60
THOR,83
ELLA❄️,27
IVAN,27
ELRIC,56
ELLE,43
CINDY,49
DEAN,100
SCOTT,41
MEIIA,90
DEAN,53
JUSTIN,102
BK,62
THOR,60
ROHA,60
THOR,60
THOR,65
ZUNE,22
ALLAN,90
LUKE,60
ISLA,43
PHILIP,54
JEFF,9
MILES,60
SCOTT,78
ZUNE,60
WADE,43
RINA,47
JUSTIN,43
PATRICK,83
MILES,45
MEIIA,48
LUCA,100
AEGON,60
ALLAN,64
JARROD,60
ROHA,60
LUKE,81
GLORIA,23
THOR,60
ROHA,62
DEAN,65
LUKE,60
ZEN🎄,60
THOR,60
PATRICK,45
ALLAN,47
ELLE,46
DG,43
ZUNE,49
DANE,100
ED,60
DEAN,43
DEAN,15
MILES,60
ED,65
BK,58
ED,60
DANIEL,40
ALLAN,41
GLORIA,5
CHLOE,60
DANIEL,60
MEIIA,87
DANE,42
FRNK,46
BRANDON,60
LUKE,60
PATRICK,65
ROHA,60
MILES,59
CINDY,26
ED,60
DEAN,60
JUSTIN,42
ROHA,71
ALLAN,60
JEFF,46
JUSTIN,95
YENNY,10
DEAN,42
SCOTT,60
CROW,78
PHILIP,60
MILES,60
ROHA,60
IVAN,31
ZEN🎄,90
LUCAS,85
MILES,70
RINA,62
THOR,100
AEGON,22
MILES,100
ISLA,22
RINA,40
ED,49
LUCA,40
DEAN,60
BK,65
THOR,43
ISLA,70
ELLIE,38
PATRICK,46
ALLAN,100
GREEN,48
JOY,103
ALLAN,43
MILES,60
DEAN,90
ALLAN,46
IVAN,70
WENDY🎅,23
ROHA,60
JUSTIN,100
ELLE,78
CROW,3
ROMY,41
DEAN,60
MILES,105
AEGON,20
ROMY,20
LUCA,125
ZEN🎄,60
NIKE,60
PATRICK,100
ELLA❄️,56
ROHA,105
MILES,100
THOR,135
ZEN🎄,60
ALLAN,100
LIAM,56
CROW,125
LUCA,75
ALLAN,45
GOLD,48
CROW,37
LUCA,60
ED,60
SCOTT,52
JUSTIN,83
ROHA,45
DANIEL,48
ALLAN,60
ED,100
JUSTIN,53
THOR,90
ALLAN,90
ROHA,60
ALLAN,60
ALLAN,60
JEFF,67
YENNY,80
THOR,60
MARVIN,48
ELLE,100
IVAN,31
ALLAN,41
LUKE,41
MILES,60
JARROD,60
SANG❄️HWA,95
DANIEL,28
MEIIA,60
ED,60
THOR,60
☃️,60
ALLAN,60
IVAN,75
ZEN🎄,60
ELLE,57
MILES,40
MILES,95
ELLE,61
IVAN,78
CINDY,65
THOR,90
DEAN,65
BK,59
JUSTIN,60
DANIEL,41
BK,56
🔔LUIS,5
ZEN🎄,60
DEAN,78
JEFF,36
ELLE,95
THOR,45
LUCA,75
DANIEL,65
NIKE,60
RINA,76
AEGON,90
MILES,100
LUKE,65
LIAM,60
GOLD,24
IVAN,67
RIVER,120
ELLE,65
RINA,75
JEFF,45
ALLAN,48
CROW,50
THOMAS,3
ALLAN,60
WOODY,47
PATRICK,50
WADE,70
PATRICK,60
JUSTIN,90
THOR,60
LUKE,60
MARVIN,6
ELLE,65
IVAN,53
ED,90
BEN,52
JASMINE,64
LUCA,34
LUKE,100
THOMAS,60
ZEN🎄,60
DANIEL,60
JUSTIN,50
DG,60
DANIEL,31
CROW,25
DEAN,45
MILES,65
ELLA❄️,42
ZEN🎄,60
ELRIC,103
🔔LUIS,21
JARROD,60
JARROD,60
RINA,43
ZEN🎄,100
ELLE,32
ROHA,77
CINDY,64
SCOTT,70
MEIIA,60
ELRIC,43
DEAN,60
DANIEL,79
JUSTIN,60
THOR,43
MARVIN,140
BK,48
DANIEL,60
RINA,65
PATRICK,100
CROW,100
MARVIN,150
JEFF,37
THOR,60
ALLAN,65
ROHA,70
DANIEL,73
ROHA,105
JUDY,57
ALLAN,100
JUSTIN,41
GLORIA,34
JEFF,43
GOLD,66
IVAN,42
IVAN,40
JARROD,43
🎅,70
RINA,29
☃️,78
LUCA,24
ALLAN,45
ZEN🎄,60
FRNK,35
JUSTIN,65
WENDY🎅,30
DEAN,1
BK,70
LUCA,135
MILES,48
DANIEL,60
DEAN,60
DEAN,60
ZEN🎄,100
ALLAN,103
ALLAN,90
DEAN,60
RINA,95
ED,95
SCOTT,12
DEAN,90
ELLE,60
GOLD,100
GREEN,60
LUCA,80
JOY,73
OCEAN,90
LUCA,50
DEAN,28
BRANDON,105
DANIEL,100
CINDY,125
BRANDON,65
ED,65
LIAM,77
BRICE,60
DEAN,60
ALLAN,105
DANIEL,60
DANIEL,60
ZEN🎄,100
GOLD,65
ZEN🎄,100
ALLAN,65
RIVER,70
DEAN,60
SILO,45
ERIC,31
LUCA,70
MILES,65
LIAM,42
BRICE,60
ISLA,27
BK,70
ALLAN,100
ROY,100
JUSTIN,60
AEGON,60
BRICE,59
LIAM,33
ROHA,105
MEIIA,60
DANE,120
IVAN,68
JOHN,125
JEFF,90
ZEN🎄,32
NONAN,43
BK,27
BRICE,60
WOODY,65
SCOTT,64
MILES,95
MEIIA,76
ELRIC,26
ZUNE,60
PATRICK,60
DEAN,60
DEAN,90
THOR,60
ZEN🎄,60
DEAN,100
LIAM,89
LUCA,105
ELLE,44
TIANA,24
DEAN,100
ELLE,65
GREEN,34
RIVER,69
JEFF,40
BEN,62
ALLAN,69
GOLD,55
ELLA❄️,60
MARVIN,100
RO,68
DANIEL,47
☃️,44
PHILIP,41
BRANDON,60
RO,60
CHLOE,60
CROW,80
ALLAN,65
DANE,60
ROHA,70
RINA,100
JEFF,48
GLORIA,19
DEAN,60
CHLOE,60
RINA,125
EDEN🎅🎅,59
JUSTIN,51
ROHA,41
WADE,90
JEFF,53
BK,92
MILES,60
SANG❄️HWA,94
ALLAN,60
IVAN,31
THOR,60
ROHA,38
ZEN🎄,100
ELLIE,21
ZEN🎄,6
LIAM,40
WADE,60
PATRICK,60
ROMY,78
ED,65
RIVER,25
IVAN,53
DANIEL,60
PHILIP,26
THOMAS,41
GOLD,27
DEAN,46
MEIIA,100
AEGON,26
ZEN🎄,60
DERRICK,43
BK,45
LUKE,41
THEO,84
ELLE,43
PATRICK,71
ROHA,46
NIKE,60
MILES,100
JEFF,62
CROW,56
NIKE,60
ELLE,60
LUCA,26
ZUNE,90
GOLD,65
GLORIA,9
IVAN,23
ELLIE,58
ZEN🎄,100
ZEN🎄,100
PATRICK,60
DANE,43
LUCA,82
ROMY,65
LUCAS,65
LUKE,51
THEO,100
SCOTT,60
ZEN🎄,60
ELLIE,46
CROW,94
ZUNE,70
ROHA,105
WADE,59
IVAN,50
ROHA,65
PATRICK,55
ALLAN,100
DEAN,60
JOY,65
SANG❄️HWA,103
THEO,65
DEAN,60
PATRICK,60
JEFF,46
EDAN,45
JUSTIN,90
DANIEL,48
ROHA,65
JUDY,85
MEIIA,73
DANIEL,2
B⭐,41
ZEN🎄,120
ZEN🎄,140
ZEN🎄,60
CROW,25
LIAM,60
JUSTIN,45
ZEN🎄,100
ROHA,60
ELLE,60
LUKE,65
ZEN🎄,60
CROW,52
ALLAN,65
DANIEL,120
LUKE,60
☃️,60
ALLAN,71
ED,60
JARROD,60
AEGON,120
IVAN,79
ROMY,26
ELLIE,60
ZUNE,43
ROHA,90
PATRICK,60
DEAN,69
ROHA,60
DEAN,60
RINA,100
NIKE,60
MILES,50
GREEN,31
DEAN,60
MILES,60
THOR,75
ISLA,60
ROHA,41
ELLE,60
AEGON,60
ALLAN,60
MEIIA,56
LUCA,60
DANIEL,49
ALLAN,65
PHILIP,60
AEGON,90
ELLE,60
CINDY,53
PATRICK,60
THOR,60
ZEN🎄,100
ISLA,22
DEAN,105
ZEN🎄,41
WOODY,112
MARVIN,60
LUCA,59
THOR,46
MILES,65
ELLE,65
IVAN,125
DEAN,15
GOLD,54
LIAM,55
ELLE,48
ZEN🎄,105
ZEN🎄,60
DG,60
JUSTIN,103
JEFF,26
PATRICK,50
MEIIA,60
PHILIP,60
MARVIN,100
ROHA,51
MARVIN,45
PATRICK,65
ZUNE,65
ALLAN,48
GOLD,60
ELLIE,43
ZEN🎄,100
ELLE,100
ROHA,101
LIAM,60
WADE,60
ALLAN,60
CROW,45
THOR,60
IVAN,95
DEAN,46
ERIC,100
DANIEL,53
ZEN🎄,60
LIAM,48
TIANA,17
MEIIA,85
ALLAN,100
PATRICK,29
MARVIN,57
WADE,73
RIVER,53
ROHA,100
DANE,60
LUKE,65
JIA,48
WENDY🎅,55
MILES,60
SANG❄️HWA,47
DEAN,56
BK,51
DANIEL,19
WADE,3
ERIC,70
☃️,65
ELLE,60
MILES,59
DEAN,48
ELLE,51
BK,89
DANIEL,60
OCEAN,81
ZEN🎄,60
GOLD,73
ROHA,75
DEAN,90
DEAN,105
CROW,61
PHILIP,65
MEIIA,62
ELLE,125
GOLD,78
ZEN🎄,100
BRICE,60
ZEN🎄,60
MARVIN,60
ROHA,60
ERIC,48
ROMY,42
GREEN,11
RINA,79
THOR,60
PATRICK,71
DEAN,100
LUKE,65
PATRICK,60
DANIEL,27
MILES,100
MILES,60
DERRICK,43
JEFF,100
WENDY🎅,46
DANIEL,60
ELLE,78
EDAN,20
ISLA,52
LUCAS,41
ZEN🎄,40
MEIIA,53
CAISY,65
PHILIP,60
DANIEL,46
BK,70
ROMY,86
ZUNE,60
ALEX,28
ELLE,60
BEN,64
LUCA,65
ROHA,95
LUKE,60
NIKE,60
DANIEL,24
ZEN🎄,60
ZUNE,20
ROHA,60
BRANDON,46
JEFF,63
B⭐,20
JUSTIN,41
DANIEL,60
ELLE,43
CINDY,40
IVAN,70
🔔,100
ROMY,75
ROHA,60
LUCAS,31
MARVIN,140
ALLAN,46
ELRIC,9
OLIVIA,56
DG,32
GOLD,60
ROMY,74
BEN,90
RINA,46
THOR,41
ZEN🎄,60
ELRIC,125
DEAN,60
LUCA,95
ED,60
YENNY,37
CHLOE,60
ZEN🎄,60
JUSTIN,65
BK,78
CHLOE,60
LUCA,37
RIVER,119
ZEN🎄,65
DANIEL,65
LUKE,59
BK,46
DEAN,60
CHLOE,60
THEO,45
ELLE,100
JUSTIN,65
DG,60
CROW,26
ALLAN,50
ZEN🎄,56
WADE,60
ELLE,60
LUCAS,60
PATRICK,60
PATRICK,60
JEFF,24
WENDY🎅,51
ALLAN,63
DEAN,60
ED,90
GLORIA,46
MILES,120
LUCA,26
ROHA,48
ED,45
DANIEL,95
ZEN🎄,100
DEAN,26
DANIEL,26
DEAN,60
PHILIP,22
DAVID,105
CROW,21
ZEN🎄,100
ELLE,105
SILO,65
ALLAN,46
MEIIA,100
LIAM,60
THOR,65
ELLE,70
DANIEL,41
ZEN🎄,60
JEFF,43
DANIEL,55
THOR,43
JUSTIN,65
IVAN,60
VAN,70
IVAN,50
GLORIA,26
LUKE,41
JOY,70
LUMI,42
JUSTIN,65
☃️,78
ZEN🎄,60
LUCA,65
ALLAN,81
ED,60
AEGON,57
WYNN,43
🔔LUIS,95
ZEN🎄,60
CHLOE,45
ZEN🎄,60
ED,53
THOR,45
ZEN🎄,60
DEAN,78
DANIEL,95
ZEN🎄,60
ELLE,60
ELLE,56
THOR,60
PATRICK,26
JUSTIN,53
PATRICK,64
ROMY,45
JEFF,37
ELLE,45
PHILIP,75
TIANA,43
JUSTIN,64
DERRICK,100
LIAM,31
JUDY,27
AEGON,60
☃️,48
ZEN🎄,60
ZEN🎄,60
MILES,3
DANIEL,60
THOMAS,100
ROY,42
RINA,76
THOR,60
IVAN,95
ELLE,45
ELLA❄️,42
PATRICK,26
DANIEL,80
WENDY🎅,48
JUSTIN,135
IVAN,69
MARVIN,40
LUMI,57
IVAN,92
JUSTIN,24
MEIIA,48
THOR,145
DEAN,31
ROHA,65
ROHA,100
DEAN,120
LUCA,94
ZEN🎄,65
PATRICK,60
VAN,60
ZUNE,57
CROW,100
ROHA,60
MILES,43
OCEAN,125
ALLAN,43
BEN,63
ELLE,41
RINA,70
🔔LUIS,43
RIVER,103
THOR,60
JED,70
THOR,60
LUKE,36
PATRICK,60
ELRIC,45
ZUNE,24
BEN,21
ED,60
GREEN,57
ZEN🎄,60
CHLOE,60
DEAN,64
JARROD,125
LUCA,32
DERRI,87
WADE,41
PATRICK,53
GOLD,110
THEO,59
ELLE,60
LUCA,28
MILES,100
MILES,45
ZEN🎄,140
LUKE,45
THOR,60
LUKE,31
DEAN,60
MARVIN,60
JUSTIN,60
PATRICK,40
ELLE,42
JARROD,60
BEN,60
DEAN,60
ROHA,45
PHILIP,43
ROHA,42
MEIIA,150
LUCA,53
ELLE,70
ROHA,60
LUKE,76
ROHA,81
LIAM,10
THOR,60
ISLA,60
GLORIA,60
VAN,60
MARVIN,60
DANIEL,41
BK,21
VAN,5
LUKE,65
ELRIC,60
JUSTIN,100
IVAN,50
LUKE,41
ELLE,60
ALLAN,65
OLIVIA,31
PATRICK,83
WOODY,47
🔔LUIS,49
DG,73
DEAN,43
ROHA,11
MILES,60
RINA,21
ZEN🎄,60
ROY,83
ROHA,60
DEAN,60
ELLE,150
DEAN,60
ED,60
ROHA,45
☃️,9
ED,60
ROY,6
GREEN,53
JEFF,90
ZEN🎄,100
LUCA,60
JEFF,59
CROW,94
SANG❄️HWA,2
WENDY🎅,64
ROHA,65
ALLAN,53
BEN,40
PHILIP,100
MARVIN,50
MEIIA,26
ZEN🎄,60
ROMY,43
DEAN,60
LUKE,81
ED,46
ROHA,58
JARROD,65
ED,70
CROW,78
CROW,37
CAISY,43
ZEN🎄,60
DANIEL,43
ALLAN,95
DEAN,95
LUKE,46
ELLE,60
ISLA,21
ROMY,67
ZEN🎄,65
BK,64
LIAM,53
JUSTIN,70
BEN,27
ROHA,60
ELLA❄️,95
DEAN,49
DANIEL,43
MILES,71
LUKE,60
JUSTIN,95
ELLIE,48
ELLA❄️,23
LUCA,26
DEAN,90
LUKE,71
DANIEL,60
WADE,89
MARVIN,150
JEFF,103
JARROD,60
DG,31
ROMY,31
JUSTIN,60
MEIIA,90
PATRICK,41
BEN,60
ED,60
JEFF,53
ED,60
ELLIE,150
ROHA,60
OCEAN,100
MEIIA,60
DANIEL,45
ROHA,41
ELLE,60
THOR,60
GOLD,69
MILES,105
DG,60
VAN,20
WADE,81
RIVER,63
JIA,78
THOR,60
THEO,90
ROY,26
ZEN🎄,60
IVAN,53
THOR,100
DEAN,60
BK,45
DEAN,60
CINDY,48
PATRICK,105
THOR,60
ELLE,39
DEAN,60
ZUNE,29
MEIIA,31
ROHA,60
OCEAN,41
ROHA,60
THEO,6
ZEN🎄,60
JARROD,60
CROW,59
JARROD,23
WENDY🎅,64
MILES,60
JEFF,62
VAN,60
BEN,42
IVAN,60
LUKE,60
BK,53
ELLE,60
MILES,95
GLORIA,60
PATRICK,60
MILES,95
JEFF,65
VAN,60
MARVIN,60
ZEN🎄,60
MAX,60
ZUNE,60
CAISY,31
PATRICK,60
JUSTIN,60
ROHA,26
DANIEL,34
MARVIN,60
THOR,60
LUCA,45
PHILIP,45
ZEN🎄,60
ALEX,25
DEAN,41
THOR,60
DEAN,56
ELLE,95
WADE,27
DEAN,60
ROY,73
THEO,43
RINA,5
WADE,67
DEAN,60
DEAN,47
RINA,41
NIKE,60
PATRICK,60
ROHA,60
ELLIE,60
MILES,73
THOR,60
ELLE,60
DEAN,31
IVAN,60
THOR,60
IVAN,49
MILES,43
THOR,60
JEFF,45
IVAN,56
MILES,60
IVAN,29
ROHA,43
MILES,95
JEFF,87
TIANA,43
BEN,86
SASHA,60
RIVER,48
ZEN🎄,60
TIANA,53
ROHA,60
ED,60
ZEN🎄,60
ALLAN,60
ROHA,29
DEAN,90
TIANA,59
ELLA❄️,43
ROHA,60
THOMAS,46
DEAN,31
RINA,56
OCEAN,60
ROHA,60
LIAM,60
WOODY,78
DANIEL,43
DANIEL,60
JEFF,94
RINA,46
ELLIE,80
LUKE,33
JARROD,60
LUCA,17
CINDY,9
MILES,60
🔔LUIS,26
LUCA,56
LUCAS,64
JARROD,24
PATRICK,41
BRICE,38
ISLA,60
ZEN🎄,100
DANIEL,65
DEAN,43
LUKE,20
ZEN🎄,100
CROW,20
ED,54
ELRIC,80
RINA,95
JEFF,24
BEN,65
ROHA,60
JUSTIN,60
ALLAN,41
DEAN,43
AEGON,70
JERRY,46
🔔LUIS,60
DANIEL,60
ROHA,81
PHILIP,90
JEFF,43
JEFF,52
ALLAN,60
ROHA,65
LIAM,47
DANIEL,41
IVAN,64
ELLE,90
JEFF,67
ELLIE,65
ZEN🎄,65
CHLOE,60
THOR,60
DEAN,45
BRICE,60
LUKE,46
NIKE,65
OCEAN,45
IVAN,62
ROHA,46
JUSTIN,53
DANIEL,60
DEAN,48
RINA,88
LUCAS,100
DG,60
PHILIP,125
JAY,88
VAN,90
PATRICK,60
DEAN,48
ISLA,9
ELLA❄️,23
DEAN,60
JUSTIN,60
ED,60
GREEN,66
LUMI,58
BK,22
ROHA,60
ELLA❄️,70
MILES,50
LUCAS,46
BK,44
IVAN,90
WENDY🎅,56
DANIEL,28
LUCA,105
BEN,5
OCEAN,60
IVAN,9
DERRI,47
DEAN,31
DEAN,90
GOLD,65
DANIEL,70
ERIC,92
MILES,85
ED,60
BK,48
ROMY,23
MEIIA,75
JIA,125
BEN,28
ED,60
DANIEL,60
LUCA,48
GOLD,31
LUKE,60
RINA,70
JUSTIN,60
THOR,100
LUKE,57
ELLA❄️,41
YENNY,22
MILES,60
ELLA❄️,95
JUSTIN,60
ZEN🎄,100
RINA,70
DEAN,65
AEGON,59
CHLOE,60
JUSTIN,59
ZUNE,20
GOLD,26
DEAN,60
DANIEL,40
JEFF,75
ZEN🎄,100
ALLAN,54
ZEN🎄,65
LUMI,60
DEAN,65
THOR,43
ROMY,28
ELLE,100
LUKE,60
FRNK,65
THOR,60
GREEN,42
DEAN,41
DANIEL,43
ELLE,60
LUKE,51
ELRIC,103
ROHA,41
PATRICK,60
ED,60
ED,88
JARROD,60
WOODY,80
LUKE,60
WOODY,100
ED,60
LUCA,52
DANIEL,83
CINDY,45
DEAN,15
PHILIP,60
MILES,60
SANG❄️HWA,78
ELLE,70
ROHA,100
DEAN,83
JEFF,37
ZEN🎄,60
ELLE,65
IVAN,45
MILES,60
PHILIP,21
ELLE,48
THOR,105
PHILIP,26
ISLA,60
ROHA,60
MARVIN,140
LUCA,83
BK,70
IVAN,62
DEAN,37
ALLAN,60
ZEN🎄,37
🔔LUIS,95
JUSTIN,41
BK,3
CAISY,48
LUKE,60
LUCA,46
JUSTIN,90
JEFF,55
PATRICK,31
IVAN,48
AEGON,60
DEAN,60
DEAN,47
MILES,60
ALLAN,60
THOR,90
ROMY,101
PATRICK,60
ROHA,60
MILES,160
ROY,9
ERIC,47
BK,103
IVAN,107
DEAN,31
DANE,60
ZEN🎄,40
LUCA,90
DEAN,33
CROW,100
ZUNE,60
DEAN,73
GREEN,43
MEIIA,45
DEAN,53
ELLIE,73
PATRICK,46
CROW,53
B⭐,60
WENDY🎅,48
JEFF,33
PATRICK,70
DANIEL,70
ELLIE,26
BEN,31
WOODY,70
DANIEL,60
RINA,100
PATRICK,65
ED,60
THOR,62
ED,60
ALLAN,76
JUSTIN,45
ZEN🎄,60
MILES,43
THOR,60
ZEN🎄,140
JUSTIN,49
ZEN🎄,60
ALLAN,73
JUSTIN,71
JARROD,100
CROW,67
ROHA,60
ZEN🎄,100
JUSTIN,41
LUCA,104
ISLA,59
THOR,60
LUCAS,48
JEFF,5
☃️,65
ELLE,60
JERRY,60
ZEN🎄,100
JEFF,35
LIAM,6
NIKE,60
DANIEL,62
PATRICK,60
ED,73
ELLE,41
MARVIN,60
ELLE,50
ALLAN,105
ZEN🎄,45
MARVIN,60
ALLAN,37
RIVER,26
ELLE,60
DANIEL,57
BRICE,60
ELLE,90
ELLE,41
LUCAS,60
GLORIA,34
ELRIC,65
ROHA,45
MILES,100
JEFF,43
MILES,60
PATRICK,60
MILES,100
PATRICK,60
JUSTIN,60
ROHA,27
ALLAN,41
GLORIA,67
MILES,75
ALLAN,95
IVAN,71
BEN,21
ROHA,45
ED,43
BEN,52
PATRICK,60
ROHA,90
ROHA,93
ED,105
JEFF,27
IVAN,75
ROHA,100
JUSTIN,45
ALLAN,60
ZEN🎄,60
PATRICK,60
ZEN🎄,45
BEN,60
ELLE,60
WADE,25
JUDY,55
ALLAN,40
ROY,60
LUCAS,15
THOMAS,27
ALLAN,60
DANIEL,22
ELLE,135
MILES,90
GOLD,65
WOODY,92
ED,60
DEAN,100
DEAN,60
ROHA,43
ROHA,70
MILES,60
SASHA,40
ELLE,60
WENDY🎅,55
SILO,28
JASMINE,30
ELLA❄️,125
JEFF,60
BK,76
BRICE,52
DANIEL,70
ROHA,60
ROHA,45
ROHA,75
ZEN🎄,100
ELLE,100
ROY,43
PATRICK,59
LUCA,60
MARVIN,60
GLORIA,27
IVAN,34
MILES,60
ELRIC,56
THOR,78
AEGON,46
DG,43
THOR,100
ZEN🎄,60
DEAN,43
JUSTIN,41
CROW,78
ELLE,24
ELLE,60
MEIIA,43
RINA,31
THOR,100
THOR,60
JOHN,58
ROHA,60
B⭐,27
LUKE,19
JUSTIN,100
RIVER,73
GOLD,43
LUCAS,60
GLORIA,30
CINDY,48
RINA,46
THOR,41
ROHA,65
THOR,60
THOR,60
ED,60
ZEN🎄,43
ELLE,60
IVAN,94
DEAN,130
ALLAN,50
SANG❄️HWA,64
ALLAN,60
ALLAN,60
GREEN,47
ZUNE,60
GREEN,56
JEFF,59
PATRICK,60
PATRICK,60
ELLE,100
ROHA,81
JUSTIN,73
DEAN,90
☃️,100
ELLE,100
GREEN,50
JERRY,46
ROHA,81
DANIEL,60
MILES,60
OCEAN,65
DANIEL,60
GLORIA,38
ELLE,100
PATRICK,100
WADE,60
BK,29
MEIIA,65
THOR,95
MILES,60
DANIEL,60
DANIEL,40
ELLE,60
THOMAS,35
ERIC,11
IVAN,65
IVAN,31
WADE,60
LIAM,56
PATRICK,45
MILES,90
DEAN,31
GOLD,47
IVAN,95
ELLA❄️,41
SANG❄️HWA,100
HAZEL,41
GREEN,54
ELLE,60
LUKE,45
MEIIA,45
MARVIN,128
GOLD,29
ROHA,60
ROHA,70
WADE,60
DEAN,28
CHLOE,43
RO,60
JUDY,60
ZUNE,40
MEIIA,95
🔔LUIS,42
DEAN,140
LUKE,41
LUKE,65
BEN,95
DEAN,48
ZEN🎄,60
DANIEL,65
BK,42
DERRI,70
DEAN,48
DEAN,45
MEIIA,65
IVAN,30
EDAN,29
ROHA,90
ELRIC,78
MILES,60
LIAM,25
JEFF,75
ALLAN,65
JUSTIN,60
WENDY🎅,29
GOLD,92
JAY,7
DEAN,9
WOODY,78
WENDY🎅,31
PATRICK,43
PATRICK,60
BEN,64
ELLA❄️,90
MARVIN,60
MEIIA,125
ZEN🎄,60
CHLOE,60
THOR,48
☃️,31
BRICE,60
IVAN,95
ALLAN,60
FRNK,95
BEN,29
GREEN,42
IVAN,75
THOR,60
ELRIC,70
RINA,125
ROHA,65
CROW,26
DANIEL,100
WADE,60
THOR,60
ROHA,42
DEAN,43
GOLD,100
ALLAN,65
THOR,60
JUSTIN,125
BK,82
ZEN🎄,60
WADE,100
LUKE,41
AEGON,60
DEAN,78
WADE,60
IVAN,78
WADE,6
ED,60
SCOTT,60
JARROD,60
ZEN🎄,60
CROW,51
GLORIA,63
RINA,56
BEN,28
MAX,73
🔔LUIS,64
WOODY,29
VAN,60
CROW,55
PHILIP,41
DEAN,67
ROHA,45
ROHA,26
THOR,60
ROHA,60
JOHN,51
DEAN,55
ELLE,60
ALLAN,45
DANIEL,46
THOR,100
THOMAS,31
DEAN,60
DEAN,43
DANIEL,71
ALLAN,23
CINDY,24
MENNY,69
ALLAN,70
THOR,130
ISLA,24
GLORIA,65
ZEN🎄,60
THOR,60
ROHA,89
ELLIE,69
ELLE,100
ZEN🎄,100
WOODY,78
SCOTT,70
TIANA,77
ROHA,60
DANE,60
ROHA,60
RIVER,75
DANIEL,62
JUDY,60
MILES,43
DANE,60
DEAN,60
OLIVIA,56
ERIC,54
ZUNE,43
EDEN🎅🎅,2
BK,76
GLORIA,25
ELLE,60
DEAN,60
NIKE,105
YENNY,104
LIAM,67
JUSTIN,71
RINA,43
RINA,103
ALLAN,7
ROHA,60
MILES,17
DEAN,65
DEAN,65
ROHA,100
JOHN,43
ALLAN,65
OCEAN,24
THOR,60
MILES,41
JASMINE,24
JUSTIN,85
CROW,52
MAX,100
PHILIP,42
LUCA,100
ISLA,60
ZEN🎄,60
DEAN,73
ZEN🎄,60
OCEAN,87
THOR,100
ISLA,60
ZEN🎄,60
ELLIE,43
DEAN,100
BK,40
BEN,83
MILES,90
JUSTIN,45
ZEN🎄,60
DEAN,50
PATRICK,60
ZEN🎄,65
ZEN🎄,60
ELLE,95
MEIIA,120
ROY,65
IVAN,95
GLORIA,59
GLORIA,41
IVAN,27
LUKE,60
JUSTIN,60
ELLIE,26
TIANA,57
LUKE,81
ISLA,60
GLORIA,25
GREEN,24
JARROD,60
DANIEL,65
ED,60
ZEN🎄,60
IVAN,47
LUKE,41
LUCA,62
THOR,60
DEAN,60
PATRICK,90
ELLA❄️,60
ZEN🎄,60
ELLE,65
ZEN🎄,100
LUMI,43
PHILIP,60
CROW,70
ELLE,60
PATRICK,90
MARVIN,60
DEAN,27
DANIEL,65
BK,76
FRNK,40
ROHA,28
ZEN🎄,100
JUSTIN,41
DANE,9
LUCA,50
ALLAN,60
DEAN,60
ZEN🎄,60
BK,69
ALLAN,41
DEAN,60
ELLE,60
PATRICK,25
PHILIP,60
ROHA,47
HAZEL,70
ELLE,60
GOLD,60
PATRICK,45
MARVIN,60
GLORIA,57
MILES,23
PATRICK,60
JUSTIN,90
BEN,48
ROMY,103
BK,70
ZEN🎄,60
ELLA❄️,22
ELLA❄️,60
RINA,53
ZEN🎄,60
JOHN,7
ZEN🎄,60
SCOTT,60
ALLAN,52
BEN,45
DEAN,65
SANG❄️HWA,100
PHILIP,121
ED,60
SASHA,3
DANE,9
NIKE,60
BEN,60
ELLE,100
WADE,43
CHLOE,60
MEIIA,60
☃️,100
LIAM,14
WADE,78
LUCA,65
ROHA,65
ELLE,95
DEAN,60
WADE,42
MILES,65
ELLE,60
AEGON,60
HAZEL,60
ZEN🎄,100
ROHA,52
LUCA,43
☃️,83
ZEN🎄,65
DEAN,60
YENNY,55
TIANA,48
CROW,73
☃️,100
ELRIC,41
ELLA❄️,48
MARVIN,60
WADE,60
MILES,43
ZEN🎄,120
ELLIE,20
GREEN,28
JUSTIN,53
LUKE,81
ED,100
THOR,60
DEAN,43
WENDY🎅,99
LIAM,40
PATRICK,45
CAISY,95
JOY,95
IVAN,58
JUSTIN,43
RINA,31
ZEN🎄,60
ALLAN,47
ELLE,60
ZEN🎄,60
ELRIC,9
DEAN,100
DEAN,60
☃️,26
LUMI,27
JEFF,59
WADE,21
ROHA,60
ED,60
THOR,60
TIANA,62
SANG❄️HWA,56
CROW,45
LUCA,64
DERRICK,26
SANG❄️HWA,70
THEO,42
ZUNE,60
RINA,90
ROHA,60
RINA,70
ISLA,85
MILES,85
OCEAN,59
MARVIN,100
DEAN,100
ELLE,60
GLORIA,44
THOR,43
CROW,9
ELLE,30
DERRI,43
ELLA❄️,73
DANIEL,60
ALLAN,58
MEIIA,78
RO,53
JOHN,17
THEO,60
YENNY,90
DANIEL,40
DG,45
RINA,31
AEGON,41
GOLD,56
LUCA,61
AEGON,90
SCOTT,60
☃️,52
ROHA,60
OCEAN,85
PATRICK,46
GLORIA,41
FRNK,105
JARROD,60
RO,44
ALLAN,60
ALLAN,60
JEFF,65
THOR,60
ROMY,95
ALLAN,60
ELLE,65
LUCA,65
CROW,55
CROW,56
ROHA,41
WADE,60
RO,41
SANG❄️HWA,95
IVAN,72
☃️,60
PHILIP,60
SCOTT,59
WADE,100
LUKE,70
DEAN,48
JUSTIN,65
DEAN,65
IVAN,65
JEFF,65
JUSTIN,41
CROW,56
ROHA,45
GLORIA,24
THOR,60
PATRICK,60
DEAN,37
ZEN🎄,60
MILES,81
JUSTIN,60
CROW,39
DEAN,60
GREEN,60
DEAN,60
LUCA,45
LUCA,65
GOLD,45
PATRICK,60
DANIEL,48
LUCA,43
MILES,60
B⭐,60
DEAN,31
PATRICK,48
ROHA,60
DEAN,75
ZEN🎄,60
ED,60
ALLAN,90
ZUNE,60
LUCA,75
DAVID,100
ZEN🎄,60
PATRICK,59
ALLAN,60
CROW,48
CROW,88
IVAN,26
VAN,60
ELLE,90
BK,60
RINA,65
RINA,29
MILES,60
AEGON,65
WOODY,47
BRICE,24
JARROD,60
CINDY,26
RINA,65
JOHN,9
WENDY🎅,31
THOMAS,94
JUSTIN,40
LUCA,70
RO,60
ROHA,60
DEAN,56
JEFF,118
ELLE,60
MEIIA,65
ZEN🎄,60
ALLAN,57
ALLAN,70
JEFF,48
ZEN🎄,60
THEO,60
BEN,45
IVAN,78
JUSTIN,26
ERIC,53
PATRICK,92
LUKE,60
ZUNE,35
WENDY🎅,26
ROHA,51
JOY,64
JEFF,117
DEAN,12
DANIEL,60
DEAN,60
GLORIA,32
DG,29
ROY,44
THOR,105
ALLAN,60
BK,71
VAN,64
DEAN,65
THOR,65
JARROD,78
LUKE,52
PHILIP,70
OCEAN,60
LUKE,60
ELLE,60
JOY,60
GOLD,73
WYNN,77
BEN,38
MARVIN,46
DEAN,60
ELLE,60
WOODY,75
DEAN,65
ALLAN,50
ROHA,60
OLIVIA,73
JUSTIN,75
IVAN,31
DANE,60
GOLD,47
B⭐,60
ELRIC,119
LUCA,60
DG,60
PHILIP,60
JARROD,30
BRANDON,60
JEFF,73
B⭐,102
DEAN,60
JARROD,60
GLORIA,28
DEAN,100
DEAN,59
ZEN🎄,60
ISLA,90
BEN,33
ISLA,45
DEAN,65
DERRI,48
DANIEL,60
☃️,7
PHILIP,60
DANE,41
GOLD,85
CROW,44
RINA,84
JUSTIN,60
DANIEL,46
ROHA,60
PATRICK,60
ALLAN,100
DG,43
ALLAN,100
DEAN,60
LUCA,113
ELLE,94
PATRICK,60
JUSTIN,41
JUSTIN,89
ED,65
ALLAN,28
ALLAN,65
CROW,65
ELLE,60
OCEAN,23
DANIEL,45
MEIIA,125
BRANDON,105
ELLE,43
WENDY🎅,72
ZUNE,65
LUCA,48
PHILIP,60
ROHA,65
IVAN,36
ZEN🎄,90
DEAN,60
DEAN,60
ROHA,60
GOLD,78
CINDY,79
MILES,60
ZEN🎄,100
ED,60
PATRICK,64
THEO,60
LUCAS,70
PATRICK,100
DEAN,42
🔔LUIS,24
MARVIN,100
JASMINE,19
CINDY,6
LUMI,47
🔔LUIS,60
BRANDON,60
THOR,60
GREEN,59
ZEN🎄,60
RINA,48
ED,45
PATRICK,28
PATRICK,48
MARVIN,60
RINA,53
LUMI,46
PATRICK,95
DEAN,60
DERRI,78
JUSTIN,48
JEFF,75
CINDY,28
JUSTIN,65
ALLAN,60
LUCA,64
LIAM,33
CROW,71
ELLE,29
ALLAN,41
BRICE,73
IVAN,73
PATRICK,41
CROW,92
BK,31
JERRY,60
JUSTIN,56
ROMY,29
ROHA,60
GLORIA,51
ALLAN,60
CINDY,100
THOR,60
ZEN🎄,65
DERRI,29
ROHA,73
ALLAN,100
CROW,95
LUCA,100
ELLA❄️,90
GREEN,29
ROHA,31
DERRI,57
PATRICK,60
ROHA,41
VAN,80
DEAN,65
MILES,43
DEAN,27
☃️,105
ROMY,48
MEIIA,15
JEFF,54
GLORIA,46
ALLAN,62
ZEN🎄,45
WADE,60
ALLAN,60
DANIEL,21
GLORIA,45
DEAN,130
DEAN,60
THOR,60
GOLD,95
CROW,41
MILES,90
MILES,90
MILES,70
ALLAN,60
CROW,56
LUCA,100
SILO,25
DEAN,60
BK,60
MILES,43
ELLE,60
NIKE,100
MILES,90
AEGON,41
ELRIC,75
ROHA,51
PHILIP,100
DEAN,90
PHILIP,38
ED,60
VAN,45
MILES,100
WENDY🎅,75
☃️,13
ISLA,41
MAX,39
JARROD,30
ZEN🎄,17
ZEN🎄,65
THOR,65
ROMY,48
MILES,103
RINA,31
MILES,26
JOY,95
ZEN🎄,60
PATRICK,55
RINA,23
THOR,60
LUCA,62
JUSTIN,90
ROHA,60
ROHA,60
ALLAN,33
DEAN,60
ZEN🎄,60
IVAN,75
EDWARD,38
OCEAN,90
ROHA,45
LIAM,59
ELLE,65
BRICE,24
DEAN,53
SANG❄️HWA,95
LUKE,60
JARROD,60
LUCA,46
MARVIN,150
ALLAN,60
DEAN,31
NIKE,65
ROHA,60
PATRICK,60
WENDY🎅,46
JUSTIN,43
ZEN🎄,100
DANIEL,45
LUKE,41
PATRICK,65
ROY,95
LIAM,60
DEAN,60
ISLA,66
CINDY,26
DEAN,37
ZEN🎄,60
ELLA❄️,65
JUSTIN,60
TIANA,67
JOY,43
THOR,60
DEAN,60
DG,43
JEFF,51
JEFF,38
THOR,140
DANE,53
THEO,71
SANG❄️HWA,78
CROW,53
ELLE,43
THOR,100
DEAN,60
THOR,24
MEIIA,45
ROHA,60
ALLAN,60
ZEN🎄,100
ELLE,60
IVAN,90
LUKE,46
THOR,100
ISLA,41
RINA,22
OLIVIA,70
JUSTIN,43
ELLE,65
LUKE,100
DG,65
MILES,65
ZEN🎄,60
MILES,33
THOR,60
ERIC,40
🔔LUIS,57
ROHA,40
ELLIE,78
LUCA,90
ELLA❄️,44
ALLAN,58
JEFF,75
ISLA,22
DANIEL,70
ED,100
ELLE,60
ALLAN,70
ALLAN,43
ALLAN,5
ROMY,25
ROHA,60
DEAN,60
RINA,125
ELLE,78
LUCA,51
GREEN,63
DEAN,65
SCOTT,25
ROHA,59
MILES,105
DANIEL,60
LUCAS,41
ED,60
JEFF,37
MILES,60
AEGON,60
PATRICK,45
AEGON,45
MEIIA,31
DANIEL,57
DEAN,31
ROHA,30
AEGON,70
ZEN🎄,60
LUMI,45
PATRICK,92
LUKE,41
DANIEL,100
PATRICK,55
MEIIA,60
LUMI,60
DEAN,60
THOR,9
DEAN,31
JUSTIN,120
RO,73
JUSTIN,65
ISLA,24
RINA,23
CROW,45
THOR,60
DANIEL,65
JUSTIN,60
DEAN,60
LIAM,60
ROHA,60
JEFF,62
JUSTIN,65
ROY,59
LUCA,95
THOR,100
ROHA,13
JEFF,34
ELLE,60
AEGON,43
DEAN,53
LUCA,89
DANE,73
DANIEL,60
RINA,100
LUKE,36
ELLA❄️,53
ED,60
ROY,100
ROHA,40
ZEN🎄,100
ALLAN,90
BK,76
MARVIN,85
ELLE,53
GOLD,60
WADE,43
ELLE,59
BK,25
JEFF,51
MILES,100
DEAN,49
DEAN,44
ERIC,65
CHLOE,60
ROMY,40
THOR,60
ISLA,60
MEIIA,69
JUSTIN,44
ALLAN,37
ELLA❄️,95
DEAN,31
PHILIP,47
JUSTIN,60
MARVIN,60
DANIEL,82
JEFF,60
ALLAN,26
ELLE,60
MILES,60
MILES,70
LUKE,90
JEFF,1
ZEN🎄,60
ZEN🎄,60
ZUNE,45
DANE,60
BRANDON,60
BEN,42
DEAN,60
ROHA,95
ELLIE,62
MILES,60
THOR,41
AEGON,76
ALLAN,100
ALLAN,100
ELLE,75
PATRICK,41
MILES,45
GOLD,75
🔔LUIS,60
ROHA,71
TIANA,46
JARROD,100
DG,31
OLIVIA,23
YENNY,30
CHLOE,43
B⭐,45
DG,26
THOR,65
MAX,43
GREEN,34
OCEAN,38
BK,9
DANIEL,69
DEAN,67
DANE,100
JEFF,48
DANIEL,43
ISLA,60
IVAN,30
CAISY,43
LUCAS,100
AEGON,58
ROHA,70
LUKE,31
BEN,60
RINA,90
WENDY🎅,76
DEAN,48
ISLA,46
🔔LUIS,78
IVAN,45
PATRICK,60
MILES,40
ED,60
DEAN,50
ROHA,75
BK,70
ZEN🎄,140
DANIEL,90
RINA,100
ZEN🎄,60
PATRICK,100
CROW,64
ZEN🎄,60
ISLA,65
JERRY,100
PATRICK,41
THOR,65
ROHA,41
CROW,28
WADE,60
LUKE,100
GLORIA,75
JEFF,71
WENDY🎅,82
NONAN,28
MEIIA,60
GREEN,28
ROHA,95
IVAN,65
MILES,90
WOODY,65
ROHA,48
JUDY,95
VAN,41
MILES,65
DERRI,37
PATRICK,70
RINA,90
LUKE,60
THOR,100
MILES,90
GOLD,103
LUKE,46
ED,60
DEAN,41
JEFF,27
JUSTIN,100
LUCA,70
ELLIE,120
BRANDON,50
JUSTIN,49
ALLAN,60
MILES,60
ZEN🎄,60
ALLAN,70
WADE,43
CHLOE,60
ELLA❄️,45
PHILIP,71
DEAN,90
ED,90
JUSTIN,70
MEIIA,60
THOMAS,7
NIKE,60
ZEN🎄,60
PATRICK,45
PHILIP,43
MILES,100
MEIIA,150
JEFF,27
BK,100
ALLAN,95
SANG❄️HWA,100
DANE,60
JUSTIN,90
LUKE,57
WADE,26
JEFF,48
LUKE,48
ROHA,60
ZUNE,35
MILES,65
DEAN,9
THOR,60
PATRICK,46
GOLD,60
ZEN🎄,60
ZEN🎄,70
GLORIA,60
WOODY,100
LIAM,41
NIKE,60
CROW,70
ZEN🎄,60
PHILIP,26
ELLE,60
DEAN,65
JARROD,60
BEN,45
CROW,30
ROHA,45
ROMY,26
CROW,94
GREEN,99
LUCAS,65
JOHN,49
ROHA,60
MILES,65
LUKE,95
DANIEL,60
THEO,50
MEIIA,65
THOR,60
ELLE,64
WADE,60
ZEN🎄,60
ED,50
B⭐,41
MEIIA,45
DEAN,70
BK,48
DEAN,70
ROHA,100
PHILIP,60
LUCAS,100
MILES,120
ELLE,60
B⭐,46
BEN,37
NIKE,75
THOR,60
ZEN🎄,140
ZUNE,60
JEFF,75
ERIC,9
ROHA,54
THOR,100
DANIEL,20
ZEN🎄,60
GOLD,26
LUCA,85
AEGON,41
ALLAN,60
WOODY,110
BK,130
ELRIC,64
MILES,65
BEN,100
DANE,60
JUSTIN,100
PATRICK,57
ALLAN,64
CHLOE,90
ALLAN,50
ROHA,41
IVAN,95
ED,60
GLORIA,22
DEAN,60
DANE,60
ALLAN,100
JEFF,47
JED,26
ELRIC,56
MEIIA,89
SCOTT,113
DEAN,60
LUKE,60
ED,65
JUSTIN,60
MILES,24
DEAN,100
ZUNE,49
GLORIA,95
ZEN🎄,60
YENNY,40
THOMAS,9
ZEN🎄,60
🔔LUIS,15
JUSTIN,65
ELLE,95
ELLE,60
DEAN,65
ZEN🎄,60
JUSTIN,90
IVAN,78
CROW,48
LUCA,60
CROW,53
ROHA,60
ERIC,31
IVAN,28
ELRIC,78
THOR,105
BK,28
GLORIA,73
DEAN,67
CROW,53
DANIEL,60
🔔LUIS,26
JUSTIN,55
OCEAN,60
THOMAS,43
LUKE,65
RIVER,72
ROHA,70
JEFF,48
DANIEL,81
IVAN,26
OCEAN,78
LUMI,60
ROHA,100
PATRICK,45
PHILIP,60
PHILIP,65
DANIEL,65
LUCA,60
BEN,43
ALLAN,48
MARVIN,60
DEAN,95
PHILIP,65
HAZEL,50
CROW,70
CROW,37
MILES,65
WENDY🎅,59
☃️,23
WOODY,65
GOLD,48
☃️,65
JUSTIN,40
JUSTIN,100
CROW,75
ROHA,30
MEIIA,60
DEAN,60
PATRICK,43
DANIEL,43
WOODY,75
GOLD,53
THOR,100
OCEAN,36
BK,67
IVAN,57
LUMI,60
ELLE,100
DEAN,65
ED,60
ELLE,65
LUKE,22
ROHA,60
WADE,26
ZEN🎄,60
IVAN,53
ALLAN,75
DANIEL,60
DERRICK,60
WADE,41
BK,41
ALLAN,60
ELLA❄️,60
ELLE,70
JUSTIN,60
BEN,65
PATRICK,65
ELLE,60
ZEN🎄,60
WADE,64
ZUNE,51
GLORIA,41
PATRICK,60
ELLA❄️,65
ALLAN,65
GOLD,65
PATRICK,60
ZEN🎄,60
PATRICK,60
DANIEL,65
DG,60
VAN,40
PATRICK,45
ELRIC,28
JEFF,48
RIVER,120
ROHA,41
MEIIA,60
DEAN,60
JUSTIN,65
DANIEL,65
JUSTIN,60
JARROD,60
ED,60
ZUNE,40
PATRICK,60
SASHA,60
LUKE,60
MILES,100
ELLE,60
MILES,26
DERRI,60
JUSTIN,85
ALLAN,65
JUSTIN,43
CROW,78
DANIEL,93
MILES,45
JOHN,46
☃️,100
GREEN,50
LUKE,41
JEFF,53
CINDY,21
PHILIP,60
LUCAS,50
ALLAN,43
PATRICK,45
DEAN,80
MEIIA,125
ROY,60
SCOTT,65
ROMY,56
ED,59
LUKE,60
ELLE,60
ELLE,95
DANE,89
PHILIP,60
DERRI,60
DANIEL,22
ELLA❄️,60
LUCA,28
ELLE,43
ROHA,105
JEFF,110
MARVIN,60
THOR,60
AEGON,60
BRICE,62
ZEN🎄,60
MEIIA,100
ISLA,95
RINA,27
DEAN,43
IVAN,41
ELLE,95
GOLD,60
DANE,60
WOODY,26
WOODY,26
DANIEL,41
JARROD,43
LUCAS,60
DANE,60
DEAN,22
HAZEL,11
ALLAN,60
ED,85
ALLAN,65
ELLE,100
ZEN🎄,60
WADE,26
DANIEL,60
MARVIN,140
ROY,100
MILES,77
JOY,48
LUCA,125
DEAN,70
LUCA,55
ROHA,41
THOR,90
CROW,45
JUDY,85
MILES,60
RINA,5
ALLAN,65
CINDY,53
MEIIA,78
LUCA,30
DEAN,60
ALLAN,47
JUSTIN,100
MILES,90
IVAN,65
THEO,60
MILES,60
PATRICK,67
AEGON,70
LUKE,41
PATRICK,84
🔔LUIS,48
ERIC,65
ERIC,24
WOODY,60
LUKE,100
🔔LUIS,81
THOR,65
ELLE,60
DEAN,60
IVAN,59
JEFF,62
SANG❄️HWA,9
DANIEL,60
LUCAS,90
IVAN,80
SANG❄️HWA,30
ROHA,60
ELLIE,58
DANIEL,43
PATRICK,89
ED,60
ALLAN,45
MILES,5
ALLAN,100
ALLAN,46
LUCA,45
DEAN,60
ISLA,60
DANIEL,81
GREEN,22
DANIEL,26
JARROD,9
DEAN,60
SANG❄️HWA,50
☃️,45
DANIEL,75
JOY,95
MILES,41
JUSTIN,62
LUCA,33
ROMY,29
GREEN,41
DEAN,45
DANE,60
JAY,57
ROHA,90
GOLD,70
ZEN🎄,60
CROW,30
LIAM,56
ROHA,60
JUSTIN,70
PHILIP,43
MARVIN,100
PHILIP,78
MILES,60
ZEN🎄,60
ROHA,25
BRICE,60
DEAN,60
RINA,21
BRICE,60
WADE,60
THEO,60
ELLA❄️,41
ALLAN,46
CINDY,9
ZEN🎄,100
LUCA,60
DEAN,65
ZUNE,23
LUCA,64
JUSTIN,145
ZUNE,73
CHLOE,70
MEIIA,95
ROHA,100
ELLE,23
JEFF,43
THOR,60
WOODY,6
ELLE,60
THOR,60
PATRICK,60
ROHA,60
ELRIC,90
BK,48
BK,47
AEGON,48
PATRICK,70
ALLAN,41
DANIEL,65
ELLA❄️,95
ISLA,78
MILES,60
THOR,60
JARROD,62
AEGON,43
ZUNE,48
ZEN🎄,60
JUSTIN,26
ELRIC,70
ALLAN,24
ELLE,64
ROHA,41
JEFF,57
ELRIC,40
DEAN,60
ROHA,36
CINDY,12
MEIIA,60
IVAN,48
ROHA,76
IVAN,30
DANIEL,105
ZEN🎄,100
ROHA,41
PATRICK,60
PATRICK,90
DEAN,45
SCOTT,43
CHLOE,60
JARROD,57
ZEN🎄,60
MARVIN,60
EDAN,71
🔔LUIS,53
WADE,31
ELLIE,58
GREEN,64
WADE,39
DANIEL,51
ROY,78
ERIC,43
DANIEL,41
PHILIP,60
ALLAN,60
ROHA,95
ZEN🎄,100
LUCA,78
CINDY,9
JUSTIN,99
THOR,60
GLORIA,83
THOR,60
BK,5
JUSTIN,60
MAX,100
DANIEL,62
☃️,90
JARROD,60
JEFF,65
JOY,100
RINA,78
ROHA,140
ROHA,60
ED,170
CROW,89
WADE,62
ELLIE,51
JUSTIN,43
LUCAS,55
MILES,100
MEIIA,65
ROHA,100
JEFF,95
LUKE,60
MARVIN,150
ZEN🎄,60
MILES,60
LUCAS,41
DEAN,12
LIAM,69
JEFF,84
JEFF,88
ROMY,61
SASHA,33
SANG❄️HWA,31
ELLE,83
DEAN,95
JEFF,95
IVAN,43
NIKE,100
ISLA,21
MARVIN,100
GLORIA,41
AEGON,125
ZUNE,59
LUCAS,70
MILES,100
GOLD,56
IVAN,89
OCEAN,73
ZUNE,44
THOMAS,78
ROHA,55
ALLAN,43
LUCA,60
IVAN,56
ALLAN,60
TIANA,24
IVAN,75
MEIIA,125
PATRICK,50
CROW,60
DEAN,100
OCEAN,60
IVAN,32
MILES,60
ZEN🎄,60
ZEN🎄,65
THOR,60
ROHA,71
ELLE,48
ALLAN,130
ALLAN,43
LUCA,45
ISLA,28
BRANDON,45
THOR,60
PATRICK,45
ELLIE,89
ROHA,58
ELLA❄️,58
WENDY🎅,125
ROY,60
ROHA,43
DANIEL,24
DANIEL,41
PATRICK,100
ELLE,53
SANG❄️HWA,95
LUCA,50
DANE,70
PATRICK,60
ZEN🎄,140
LUKE,61
JUSTIN,60
ZEN🎄,100
DEAN,65
SASHA,32
PATRICK,31
GLORIA,35
MARVIN,100
RO,94
DEAN,53
BEN,28
JUSTIN,90
OCEAN,65
ELLIE,47
WATT,43
ED,60
JEFF,92
ROHA,46
WADE,60
DEAN,29
GREEN,82
CHLOE,65
GLORIA,31
ISLA,60
PATRICK,60
ZEN🎄,60
GLORIA,43
ISLA,40
RINA,92
ZEN🎄,60
BK,46
MARVIN,100
RINA,64
RINA,64
CHLOE,60
DERRICKK,60
ELLE,43
THOR,100
DANE,43
DEAN,65
DANIEL,45
PATRICK,60
ED,43
CINDY,9
ZEN🎄,65
ZEN🎄,30
WOODY,75
MAX,43
ROMY,32
DANIEL,60
OCEAN,45
ELLA❄️,62
BK,75
PATRICK,90
PHILIP,65
THOR,60
DEAN,90
ALLAN,48
JUSTIN,76
ZUNE,70
ELLE,70
MARVIN,60
CROW,51
ZEN🎄,60
PATRICK,60
DEAN,130
BRICE,60
ELLA❄️,68
CROW,87
IVAN,53
RIVER,20
DANIEL,51
OCEAN,41
PATRICK,60
ALLAN,60
THOR,43
ELLIE,31
GREEN,60
THOMAS,7
OCEAN,60
JUSTIN,65
ZEN🎄,180
RINA,46
PHILIP,65
ALLAN,60
SANG❄️HWA,56
ROHA,60
ALLAN,42
ZUNE,69
MILES,65
ROHA,29
ROHA,41
DEAN,60
DANIEL,82
ZEN🎄,60
RIVER,65
ZEN🎄,60
EDEN🎅🎅,10
ALLAN,90
MEIIA,48
JEFF,40
MEIIA,95
ROY,37
DEAN,37
JASMINE,51
CHLOE,60
PATRICK,85
JUSTIN,43
WOODY,42
MILES,60
WADE,34
THEO,60
JUSTIN,73
DEAN,58
ZEN🎄,100
ALLAN,60
JUSTIN,60
AEGON,46
🔔LUIS,100
YENNY,60
ROHA,60
BK,61
SCOTT,65
DANE,60
ISLA,100
BEN,105
JUSTIN,65
THOR,60
ZUNE,60
ELLA❄️,60
ALLAN,60
DANIEL,60
DANIEL,49
ZUNE,59
ROHA,31
B⭐,65
BEN,76
WOODY,60
ALLAN,26
MEIIA,40
ED,45
MEIIA,83
SANG❄️HWA,51
JEFF,28
OCEAN,60
BEN,59
JUSTIN,99
MILES,60
ED,65
MILES,60
PATRICK,22
ZEN🎄,60
JUSTIN,60
TIANA,95
ELLA❄️,49
JOY,48
ZUNE,41
JUSTIN,57
WADE,30
MARVIN,60
NONAN,60
BEN,31
ALLAN,60
GLORIA,60
DANE,100
DG,73
ROHA,29
DEAN,58
☃️,3
ED,65
GOLD,65
LIAM,45
ELLIE,62
ELLE,90
PHILIP,60
CROW,89
MILES,65
ZEN🎄,60
THOR,60
OCEAN,41
GOLD,60
ALLAN,45
DEAN,60
TIANA,45
ELLE,119
VAN,57
MILES,65
CROW,48
JIA,78
IVAN,71
ALLAN,81
BK,40
BEN,43
ROHA,20
ELLA❄️,60
ROMY,26
DEAN,100
THOR,60
TIANA,67
CROW,129
JED,46
JUSTIN,60
PHILIP,55
ZEN🎄,60
MILES,48
MARVIN,60
JEFF,29
WADE,42
THOR,26
ELLE,60
ALEX,25
ROHA,60
ZEN🎄,60
ALLAN,65
TIANA,77
ZEN🎄,60
☃️,60
JARROD,65
THOR,65
MARVIN,60
ELLE,60
RIVER,78
DEAN,60
THOR,60
DEAN,23
ALLAN,65
PATRICK,41
TIANA,75
WOODY,25
DANIEL,60
JOHN,65
DANIEL,41
RO,59
GREEN,31
🔔LUIS,60
DEAN,60
THOR,65
HAZEL,65
BEN,27
DEAN,73
BK,70
JERRY,131
MILES,60
ALLAN,40
ISLA,130
DANIEL,60
MILES,31
THEO,41
JUSTIN,43
DANIEL,45
GOLD,65
IVAN,100
MILES,60
ELLE,70
LIAM,60
DEAN,45
BK,65
B⭐,60
DEAN,65
ALLAN,95
ALLAN,81
ROMY,26
DANIEL,43
IVAN,31
LUCAS,65
ELLE,125
PATRICK,60
PHILIP,69
☃️,64
WADE,25
WOODY,50
THOR,90
LUCA,60
ZEN🎄,60
JOY,43
RO,65
IVAN,75
IVAN,100
BEN,60
ED,60
LUMI,25
PATRICK,60
LUCA,65
LIAM,43
JARROD,65
JOY,60
ALLAN,56
ZEN🎄,45
LUKE,50
DANIEL,120
IVAN,30
ERIC,48
DANIEL,40
ZEN🎄,60
LUCA,51
JARROD,60
ISLA,43
ALLAN,60
LUKE,60
ROY,53
ROHA,60
GOLD,60
ISLA,52
IVAN,75
NIKE,60
JUSTIN,60
LUCA,47
LUCA,45
DEAN,78
ELLIE,75
WOODY,45
BK,51
WENDY🎅,46
ISLA,22
ELLE,35
ROMY,53
WOODY,90
ROHA,26
IVAN,56
ELLE,21
ISLA,65
ROMY,59
ELLE,60
RINA,7
LUCA,70
ALEX,9
ERIC,53
ED,60
CROW,95
MILES,40
PHILIP,1
JEFF,60
DANIEL,87
IVAN,48
CHLOE,9
LUKE,78
ELLE,100
ALLAN,42
WADE,65
PATRICK,60
JUSTIN,60
JARROD,55
ED,90